dispositivo;sexo;edad;intervalo_edad;nivel_educativo;zona;municipio;distrito;habitantes;P1#1;P1#2;P1#3;P1#4;P1#5;P1#6;P1#7;P1#97;P2#1;P2#2;P2#3;P2#4;P2#5;P2#6;P2#96;P2#96#value;P3_1;P3_2;P3_3;P3_4;P3_5;P3_6;P4_1;P4_2;P4_3;P4_4;P4_5;P4_6;P4_7;P4_8;P5;P6;P7;P8#1;P8#2;P8#3;P8#4;P8#5;P8#6;P8#7;P8#8;P8#9;P8#10;P8#11;P9_1;P9_2;P9_3;P9_4;P9_5;P9_6;P9_7;P9_8;P9_9;P9R_1;P9R_2;P9R_3;P10_1;P10_2;P10_3;P10_4;P10_5;P10_6;P10_7;P11;P12;P13_1;P13_2;P13_3;P13_4;P13_5;P13_6;P13_7;P13_8;P13_9;P14_1;P14_2;P15_1;P15_2;P15_3;P16_4;P16_5;P16_6;P16_7;P17_1;P17_2;P17_3;P17_4;P17_5;P18_1;P18_2;P18_3;P18_4;P18_5;P18_6;P18_7;P18_8;P18_9;P19;P20;P21;P22;CAMBIO_20240717;CAMBIO_20240723;CAMBIO_20240724
Desktop;Masculino;50;45_54;Segundo Grado. 2º Ciclo (FP Iº y IIº, Bachiller superior, BUP, 3º y 4º de ESO (2º ciclo) COU, PREU, 1º y 2º Bachillerato;Madrid Capital;;Usera;;0;1;1;0;0;0;0;0;1;1;0;0;0;0;0;;8;6;7;6;8;1;2;4;4;4;4;4;4;6;8;De 3 meses a menos de 1 año;Madrid capital;0;0;0;0;0;0;0;1;0;0;0;;;2,0;;;;1,0;3;;Por el valor histórico;Que sea Patrimonio Mundial;Por su belleza;3;8;6;4;7;7;6;5;no tengo idea;No;No;No;No;No;Sí;No;No;No;Nunca;Nunca;No estoy interesado;No estoy interesado;No estoy interesado;;;En el último año;;5;6;5;4;6;;;;;;4;;;;no se no opino;Trabajo;Ambos;Superiores;;;
Tablet;Masculino;66;65_+;Tercer Grado. 1er Ciclo (Equivalente a Ingeniero técnico, 3 años, Escuelas universitarias, Ingenieros técnicos, Arquitec;Madrid Oeste;Boadilla del Monte;;20.001-50.000;1;1;1;0;0;0;0;0;1;0;1;1;0;1;0;;10 Me interesa muchísimo;8;7;9;7;2;8;7;5;7;5;6;6;6;8;De 3 meses a menos de 1 año;Resto España;0;0;0;1;0;0;0;0;0;0;0;;;;;;3;2,0;1;;Por su belleza;Por el valor histórico;Que sea gratuito;9;8;6;5;9;10 Totalmente necesario;9;8;Conocimiento;Sí;Sí;No;No;No;Sí;No;No;No;Hace más de 1 mes, pero menos de 1 año;Hace más de 5 años;No lo conozco, pero soy curioso y me podría interesar;No lo conozco, pero soy curioso y me podría interesar;No lo conozco, pero soy curioso y me podría interesar;;;Nunca;;5;5;5;5;5;6;6;;;;6;;;;No se;Jubilado/a o pensionista (anteriormente he trabajado);No;Muy superiores (más del doble);;;
Desktop;Femenino;60;55_64;Segundo Grado. 2º Ciclo (FP Iº y IIº, Bachiller superior, BUP, 3º y 4º de ESO (2º ciclo) COU, PREU, 1º y 2º Bachillerato;Madrid Sur;Getafe;;100.001-500.000;0;0;0;0;1;0;1;0;1;0;0;0;0;1;0;;No lo sé / Prefiero no contestar;No lo sé / Prefiero no contestar;0 No me interesa en absoluto;No lo sé / Prefiero no contestar;No lo sé / Prefiero no contestar;5;10 Me interesa muchísimo;10 Me interesa muchísimo;10 Me interesa muchísimo;10 Me interesa muchísimo;10 Me interesa muchísimo;10 Me interesa muchísimo;10 Me interesa muchísimo;10 Me interesa muchísimo;10 Es muy importante;De 3 meses a menos de 1 año;Resto España;1;0;0;0;0;0;0;1;0;0;0;2;;;;;1;;3;;Que sea gratuito;Que esté cerca;Por su belleza;10 Totalmente necesario;10 Totalmente necesario;10 Totalmente necesario;10 Totalmente necesario;10 Totalmente necesario;10 Totalmente necesario;10 Totalmente necesario;No lo sé / Prefiero no contestar;que es de todos y tenemos que proteger;Sí;Sí;Sí;No;No;Sí;No;Sí;No;Nunca;Nunca;No estoy interesado;No estoy interesado;No estoy interesado;;;Nunca;;10 Estoy muy de acuerdo;10 Estoy muy de acuerdo;10 Estoy muy de acuerdo;10 Estoy muy de acuerdo;10 Estoy muy de acuerdo;10 Excelente fomento y protección;10 Excelente fomento y protección;5;;;10 Excelente fomento y protección;;5;;ni idea;Trabajo;No;Superiores;1,0;;
Desktop;Masculino;69;65_+;Tercer Grado (Máster);Madrid Capital;;Chamartín;;0;0;0;0;0;0;0;1;0;0;0;1;0;0;0;;No lo sé / Prefiero no contestar;No lo sé / Prefiero no contestar;No lo sé / Prefiero no contestar;No lo sé / Prefiero no contestar;No lo sé / Prefiero no contestar;No lo sé / Prefiero no contestar;10 Me interesa muchísimo;10 Me interesa muchísimo;10 Me interesa muchísimo;10 Me interesa muchísimo;10 Me interesa muchísimo;10 Me interesa muchísimo;10 Me interesa muchísimo;10 Me interesa muchísimo;9;De 1 a 3 años;Resto Comunidad de Madrid;0;0;1;0;0;0;0;1;0;0;0;;;;;;;2,0;1;;Por su belleza;Por el valor histórico;;No lo sé / Prefiero no contestar;No lo sé / Prefiero no contestar;No lo sé / Prefiero no contestar;No lo sé / Prefiero no contestar;No lo sé / Prefiero no contestar;No lo sé / Prefiero no contestar;No lo sé / Prefiero no contestar;No lo sé / Prefiero no contestar;no sé;Sí;Sí;No;No;No;No;No;No;No;Nunca;Nunca;No estoy interesado;No estoy interesado;No estoy interesado;;;;;10 Estoy muy de acuerdo;10 Estoy muy de acuerdo;10 Estoy muy de acuerdo;10 Estoy muy de acuerdo;10 Estoy muy de acuerdo;1;8;;;;;;;;Ahora no se me ocurre;Jubilado/a o pensionista (anteriormente he trabajado);No;Superiores;;;
Desktop;Masculino;55;55_64;Tercer grado (Doctorado);Madrid Oeste;Zarzalejo;;Hasta 10.000;1;1;1;1;1;0;1;0;1;0;1;1;0;1;0;;8;3;7;10 Me interesa muchísimo;7;0 No me interesa en absoluto;9;8;7;6;7;6;5;8;10 Es muy importante;Hace menos de 3 meses;Resto España;0;0;0;0;0;0;0;1;0;0;0;;;;;1,0;2;3,0;;;Que me lo hayan recomendado;Que sea gratuito;Por el valor histórico;9;8;7;4;7;8;6;9;Costumbres o prácticas tradicionales;Sí;Sí;Sí;No;No;Sí;No;Sí;Sí;Nunca;Nunca;Estoy interesado y me gustaría que hubiera más actividades relacionadas;No lo conozco, pero soy curioso y me podría interesar;Estoy interesado y me gustaría que hubiera más actividades relacionadas;;;Hace 1 año, pero menos de 5;;10 Estoy muy de acuerdo;2;10 Estoy muy de acuerdo;10 Estoy muy de acuerdo;10 Estoy muy de acuerdo;2;3;9;;;9;;8;8;Fiesta de la vaquilla en Fresnedilla de la Oliva;Trabajo;No;Muy superiores (más del doble);1,0;1,0;1,0
Mobile;Femenino;29;25_34;Tercer Grado (Máster);Madrid Sur;Móstoles;;100.001-500.000;1;1;1;1;1;1;1;0;1;1;1;0;0;1;0;;10 Me interesa muchísimo;9;5;8;7;7;8;9;8;9;8;10 Me interesa muchísimo;6;9;10 Es muy importante;Hace menos de 3 meses;Extranjero;1;0;0;0;0;0;0;1;0;0;0;;;;;;;1,0;3;2,0;Por el valor histórico;Que forme parte de una tradición con la que me identifique;Por su belleza;9;9;8;7;9;8;7;7;Tradiciones, Musica, Historias de un lugar o cultura;Sí;Sí;Sí;No;No;Sí;No;Sí;Sí;Hace más de 1 mes, pero menos de 1 año;Hace entre 1 y 5 años;No lo conozco, pero soy curioso y me podría interesar;Estoy interesado y me gustaría que hubiera más actividades relacionadas;No lo conozco, pero soy curioso y me podría interesar;;;Hace 1 año, pero menos de 5;;8;5;8;8;9;7;8;4;;;9;;4;4;Cultivar la historia y tradiciones que se podrían recolectar de los grupos de Tercera Edad;Trabajo;No;Superiores;1,0;;
Mobile;Masculino;45;45_54;Segundo Grado. 2º Ciclo (FP Iº y IIº, Bachiller superior, BUP, 3º y 4º de ESO (2º ciclo) COU, PREU, 1º y 2º Bachillerato;Madrid Sur;Alcorcón;;100.001-500.000;1;1;1;1;1;1;0;0;0;1;0;0;0;1;0;;7;6;7;7;6;8;6;7;6;7;3;5;3;7;8;Hace menos de 3 meses;Extranjero;1;0;0;0;0;0;0;1;0;0;0;1;;;;2,0;;;3;;Que esté cerca;Que me lo hayan recomendado;Por su belleza;7;7;7;6;6;9;7;7;La cultura del lenguaje, la música, los valores de nuestra zona y tierra;Sí;Sí;Sí;No;No;Sí;No;No;No;Hace más de 1 mes, pero menos de 1 año;Nunca;Estoy interesado y me gustaría que hubiera más actividades relacionadas;No estoy interesado;No lo conozco, pero soy curioso y me podría interesar;;;Hace 1 año, pero menos de 5;;7;6;7;7;7;8;6;7;;;7;;;;Historia y arte de la región de antes del siglo XIX;Trabajo;No;Muy superiores (más del doble);1,0;;
Desktop;Masculino;64;55_64;Tercer Grado. 1er Ciclo (Equivalente a Ingeniero técnico, 3 años, Escuelas universitarias, Ingenieros técnicos, Arquitec;Madrid Capital;;Chamartín;;1;0;1;1;1;0;0;0;0;0;1;1;0;1;0;;10 Me interesa muchísimo;10 Me interesa muchísimo;9;10 Me interesa muchísimo;10 Me interesa muchísimo;3;10 Me interesa muchísimo;10 Me interesa muchísimo;8;10 Me interesa muchísimo;8;7;7;9;10 Es muy importante;Hace menos de 3 meses;Resto Comunidad de Madrid;0;0;0;0;0;0;0;1;0;0;0;;;1,0;;;;3,0;2;;Que sea Patrimonio Mundial;Por su belleza;Por el valor histórico;10 Totalmente necesario;9;9;9;10 Totalmente necesario;10 Totalmente necesario;9;8;Es la herencia que nuestros antepasados nos han dejado como tradiciones.;Sí;Sí;Sí;Sí;No;Sí;No;No;No;Hace 1 mes o menos;Hace más de 5 años;Estoy interesado y me gustaría que hubiera más actividades relacionadas;Estoy interesado y me gustaría que hubiera más actividades relacionadas;Estoy interesado y me gustaría que hubiera más actividades relacionadas;Hace 1 año, pero menos de 5;;En el último año;;9;9;10 Estoy muy de acuerdo;10 Estoy muy de acuerdo;10 Estoy muy de acuerdo;9;9;9;9;;10 Excelente fomento y protección;;;;Las zarzuelas y la música.;Trabajo;No;Superiores;;;
Mobile;Masculino;35;35_44;Licenciatura, Grado. 2º Ciclo (Universitarios, Licenciados superior, Facultades, Escuelas técnicas superiores, etc;Madrid Capital;;Retiro;;1;1;1;1;1;1;1;0;1;1;0;1;0;1;0;;6;7;5;7;8;3;8;10 Me interesa muchísimo;5;8;8;7;6;8;10 Es muy importante;Hace menos de 3 meses;Resto Comunidad de Madrid;0;0;0;0;0;0;0;1;0;0;0;;;;;3,0;;1,0;2;;Por el valor histórico;Por su belleza;Que me lo hayan recomendado;10 Totalmente necesario;6;8;8;5;10 Totalmente necesario;10 Totalmente necesario;9;Tradiciones de antaño que se siguen manteniendo hoy en día;Sí;Sí;Sí;Sí;No;Sí;No;Sí;No;Hace más de 1 mes, pero menos de 1 año;Hace entre 1 y 5 años;No lo conozco, pero soy curioso y me podría interesar;Estoy interesado y me gustaría que hubiera más actividades relacionadas;No lo conozco, pero soy curioso y me podría interesar;Nunca;;En el último año;;8;2;8;9;8;8;7;6;3;;9;;7;;Como madrileño adoptado, soy murciano pero llevo 11 años viviendo en Madrid, me siento muy identificado con sus tradiciones y pienso que se conservan bien por lo que no tengo conocimiento de algún bien de patrimonio inmaterial al que no se le esté dando la suficiente importancia, aunque de no ser así me gustaría saber y aprender de ello.;Trabajo;No;Superiores;;;
Mobile;Masculino;33;25_34;Segundo Grado. 2º Ciclo (FP Iº y IIº, Bachiller superior, BUP, 3º y 4º de ESO (2º ciclo) COU, PREU, 1º y 2º Bachillerato;Madrid Capital;;Usera;;0;1;1;0;0;0;1;0;0;1;1;0;0;0;0;;10 Me interesa muchísimo;9;8;9;9;7;10 Me interesa muchísimo;9;8;9;7;10 Me interesa muchísimo;10 Me interesa muchísimo;9;10 Es muy importante;De 3 meses a menos de 1 año;Madrid capital;0;0;1;1;0;0;1;0;0;0;0;;2,0;;1,0;;3;;;;Que aparezca en las guías;Que ofrezca actividades para toda la familia;Que sea gratuito;7;8;7;8;3;7;7;7;Patrimonio documentado de forma virtual;Sí;Sí;Sí;Sí;No;Sí;Sí;Sí;Sí;Hace más de 1 mes, pero menos de 1 año;Hace más de 1 mes, pero menos de 1 año;Estoy interesado y me gustaría que hubiera más actividades relacionadas;Estoy interesado y me gustaría que hubiera más actividades relacionadas;Estoy interesado y me gustaría que hubiera más actividades relacionadas;Hace más de 5 años;;En el último año;Hace 1 año, pero menos de 5;10 Estoy muy de acuerdo;7;9;9;10 Estoy muy de acuerdo;9;10 Excelente fomento y protección;9;9;;9;10 Excelente fomento y protección;9;9;El nudo español, el toque manuela de campana;Trabajo;Sí, tengo menores/s de edad a mi cargo;Alrededor de esa cifra;;;
Mobile;Masculino;57;55_64;Segundo Grado. 1er Ciclo (Graduado escolar, o EGB 2ª etapa, 1º y 2º ESO-1er ciclo- hasta 14 años);Madrid Sur;Parla;;100.001-500.000;0;0;0;0;0;0;0;1;0;1;0;0;0;0;0;;8;6;6;6;7;8;6;7;5;7;6;5;5;8;10 Es muy importante;De 3 meses a menos de 1 año;Resto España;0;0;1;0;0;0;0;0;0;0;0;3;;;;;1;;2;;Que sea gratuito;Por su belleza;Que esté cerca;5;5;5;0 Nada necesario;3;5;5;5;Que no hay que pagar;Sí;No;No;No;No;Sí;No;No;No;Hace 1 mes o menos;Hace entre 1 y 5 años;No lo conozco, pero soy curioso y me podría interesar;No estoy interesado;No estoy interesado;;;En el último año;;5;5;5;5;5;8;;;;;8;;;;No se;Parado/a y he trabajado antes;Sí, tengo menores/s de edad a mi cargo;Inferiores;1,0;;
Mobile;Femenino;52;45_54;Segundo Grado. 2º Ciclo (FP Iº y IIº, Bachiller superior, BUP, 3º y 4º de ESO (2º ciclo) COU, PREU, 1º y 2º Bachillerato;Madrid Capital;;San Blas-Canillejas;;1;1;0;1;0;0;1;0;0;1;0;0;0;1;0;;4;5;6;5;7;5;5;6;7;6;7;7;6;8;10 Es muy importante;De 3 meses a menos de 1 año;Resto España;0;0;0;0;0;0;0;1;0;0;0;2;;;;;;3,0;1;;Por su belleza;Que esté cerca;Por el valor histórico;5;5;6;5;5;7;5;7;Traducciones, fiestas, eventos;Sí;Sí;Sí;No;Sí;Sí;Sí;Sí;No;Hace más de 1 mes, pero menos de 1 año;Hace entre 1 y 5 años;No estoy interesado;No lo conozco, pero soy curioso y me podría interesar;No lo conozco, pero soy curioso y me podría interesar;;Hace 1 año, pero menos de 5;En el último año;Hace más de 5 años;8;4;7;6;6;6;5;4;;5;9;5;6;;Tradicional fiestas de los mayos y  folklore de Madrid;Trabajo;Sí, tengo menores/s de edad a mi cargo;Superiores;;;
Mobile;Femenino;61;55_64;Licenciatura, Grado. 2º Ciclo (Universitarios, Licenciados superior, Facultades, Escuelas técnicas superiores, etc;Madrid Capital;;Fuencarral-El Pardo;;0;1;1;0;0;0;1;0;1;1;0;0;1;0;0;;7;6;7;8;7;9;8;8;8;8;8;7;8;8;9;De 3 meses a menos de 1 año;Resto Comunidad de Madrid;1;0;0;1;0;0;0;0;0;0;0;;;3,0;;;2;1,0;;;Por el valor histórico;Que sea gratuito;Que sea Patrimonio Mundial;7;7;8;7;7;8;7;10 Está muy bien conservado;No tiene valor dinerario;Sí;Sí;No;Sí;No;Sí;Sí;Sí;No;Hace 1 mes o menos;Hace entre 1 y 5 años;Estoy interesado y me gustaría que hubiera más actividades relacionadas;Estoy interesado y me gustaría que hubiera más actividades relacionadas;Estoy interesado y me gustaría que hubiera más actividades relacionadas;Nunca;;En el último año;Hace más de 5 años;10 Estoy muy de acuerdo;9;9;9;8;9;7;;6;;9;6;7;;Tidos;Parado/a y he trabajado antes;No;Superiores;;;
Mobile;Masculino;20;18_24;Segundo Grado. 2º Ciclo (FP Iº y IIº, Bachiller superior, BUP, 3º y 4º de ESO (2º ciclo) COU, PREU, 1º y 2º Bachillerato;Madrid Capital;;Salamanca;;0;0;0;0;0;0;0;1;0;0;0;1;0;0;0;;9;6;10 Me interesa muchísimo;7;10 Me interesa muchísimo;3;4;7;8;6;2;0 No me interesa en absoluto;5;6;10 Es muy importante;De 1 a 3 años;Resto Comunidad de Madrid;0;1;0;0;0;0;0;0;0;0;0;;;;;;;2,0;1;3,0;Por su belleza;Por el valor histórico;Que forme parte de una tradición con la que me identifique;4;8;7;0 Nada necesario;8;9;5;7;Nada;No;Sí;No;No;No;Sí;No;No;No;Nunca;Nunca;No lo conozco, pero soy curioso y me podría interesar;No lo conozco, pero soy curioso y me podría interesar;Estoy interesado y me gustaría que hubiera más actividades relacionadas;;;Hace 1 año, pero menos de 5;;5;5;5;5;5;;0 Escaso fomento y protección;;;;3;;;;Puede;Estudio;No;Superiores;;;
Desktop;Masculino;34;25_34;Tercer Grado (Máster);Madrid Norte;Manzanares el Real;;Hasta 10.000;0;0;1;0;1;1;1;0;0;1;1;1;0;0;0;;9;8;7;8;9;5;9;9;5;9;7;8;3;6;10 Es muy importante;Hace menos de 3 meses;Resto España;0;0;1;0;0;0;0;0;0;0;0;;;;;;3;1,0;2;;Por el valor histórico;Por su belleza;Que sea gratuito;9;10 Totalmente necesario;7;5;8;9;7;7;Legado histórico que no se puede tocar, que no es material, es solo espiritual, o tradición;Sí;No;No;Sí;No;Sí;No;No;No;Hace más de 1 mes, pero menos de 1 año;Nunca;No estoy interesado;No estoy interesado;No estoy interesado;Hace 1 año, pero menos de 5;;En el último año;;7;4;6;7;7;10 Excelente fomento y protección;;;10 Excelente fomento y protección;;10 Excelente fomento y protección;;;;Lo que tiene que hacer la Comunidad es proteger el patrimonio material, el inmaterial no hace falta protegerlo porque la propia gente ya lo mantiene. Se mantiene solo, pero un yacimiento no, ahí hay que invertir, conservarlo y promocionarlo;Trabajo;No;Muy superiores (más del doble);1,0;;
Mobile;Femenino;30;25_34;Tercer grado (Doctorado);Madrid Capital;;Retiro;;0;1;1;1;0;0;0;0;1;1;0;1;0;1;0;;7;6;6;7;8;4;8;9;3;6;5;7;7;8;9;Hace menos de 3 meses;Resto España;0;0;0;0;0;0;0;1;0;0;0;;;;;;;1,0;2;;Por el valor histórico;Por su belleza;;7;9;8;5;8;8;7;8;No lo sé;Sí;Sí;Sí;No;No;Sí;No;No;No;Nunca;Nunca;No lo conozco, pero soy curioso y me podría interesar;No lo conozco, pero soy curioso y me podría interesar;No lo conozco, pero soy curioso y me podría interesar;;;En el último año;;6;8;7;6;5;5;5;5;;;9;;;;No lo se;Trabajo;No;Muy superiores (más del doble);;;
Mobile;Femenino;33;25_34;Segundo Grado. 2º Ciclo (FP Iº y IIº, Bachiller superior, BUP, 3º y 4º de ESO (2º ciclo) COU, PREU, 1º y 2º Bachillerato;Madrid Sur;Fuenlabrada;;100.001-500.000;0;0;0;0;0;0;1;0;0;1;0;0;0;0;0;;5;4;5;5;5;5;6;6;6;6;4;4;3;7;6;De 3 meses a menos de 1 año;Extranjero;1;0;0;0;0;0;0;1;0;0;0;2;;;;3,0;1;;;;Que sea gratuito;Que esté cerca;Que me lo hayan recomendado;7;6;6;6;6;7;7;6;Ni idea;Sí;No;No;No;No;Sí;No;No;No;Nunca;Nunca;No lo conozco, pero soy curioso y me podría interesar;No lo conozco, pero soy curioso y me podría interesar;No lo conozco, pero soy curioso y me podría interesar;;;Nunca;;6;6;6;6;6;5;;;;;4;;;;Ni idea;Trabajo;No;Superiores;1,0;;
Mobile;Femenino;56;55_64;Segundo Grado. 2º Ciclo (FP Iº y IIº, Bachiller superior, BUP, 3º y 4º de ESO (2º ciclo) COU, PREU, 1º y 2º Bachillerato;Madrid Norte;San Sebastián de los Reyes;;50.001-100.000;0;0;0;0;0;0;1;0;1;1;0;0;0;0;0;;10 Me interesa muchísimo;9;7;9;10 Me interesa muchísimo;8;9;10 Me interesa muchísimo;7;9;8;9;8;7;10 Es muy importante;De 3 meses a menos de 1 año;Resto Comunidad de Madrid;0;0;0;0;0;0;0;1;0;0;0;;;3,0;;2,0;;;;1,0;Que forme parte de una tradición con la que me identifique;Que me lo hayan recomendado;Que sea Patrimonio Mundial;8;8;9;7;8;10 Totalmente necesario;9;7;No lo tengo claro;Sí;Sí;No;No;No;Sí;No;No;No;Hace 1 mes o menos;Hace más de 1 mes, pero menos de 1 año;No lo conozco, pero soy curioso y me podría interesar;No lo conozco, pero soy curioso y me podría interesar;No lo conozco, pero soy curioso y me podría interesar;;;Hace más de 5 años;;8;7;9;9;8;7;7;;;;9;;;;La cultura e historia de Madrid;Trabajo;No;Superiores;1,0;;
Desktop;Masculino;47;45_54;Licenciatura, Grado. 2º Ciclo (Universitarios, Licenciados superior, Facultades, Escuelas técnicas superiores, etc;Madrid Capital;;Tetuán;;1;1;1;1;1;1;1;0;1;1;0;1;0;1;0;;10 Me interesa muchísimo;8;10 Me interesa muchísimo;10 Me interesa muchísimo;10 Me interesa muchísimo;8;10 Me interesa muchísimo;10 Me interesa muchísimo;8;9;8;8;7;10 Me interesa muchísimo;10 Es muy importante;Hace menos de 3 meses;Resto España;1;1;0;0;0;0;0;1;0;0;0;;;1,0;;;;2,0;3;;Que sea Patrimonio Mundial;Por el valor histórico;Por su belleza;10 Totalmente necesario;10 Totalmente necesario;10 Totalmente necesario;6;9;10 Totalmente necesario;10 Totalmente necesario;7;algo que no se toca como tal;Sí;Sí;Sí;No;No;Sí;No;No;No;Hace más de 1 mes, pero menos de 1 año;Hace más de 1 mes, pero menos de 1 año;Estoy interesado y me gustaría que hubiera más actividades relacionadas;No lo conozco, pero soy curioso y me podría interesar;No lo conozco, pero soy curioso y me podría interesar;;;Hace 1 año, pero menos de 5;;10 Estoy muy de acuerdo;5;10 Estoy muy de acuerdo;10 Estoy muy de acuerdo;10 Estoy muy de acuerdo;3;10 Excelente fomento y protección;3;;;5;;;;CUALQUIER TRADICICIÓN ARRAIGADA EN LOS PUEBLOS Y QUE NO SEA CONTRARIA A LOS DERECHOS DE CUALQUIER PERSONA O ANIMAL;Trabajo;Sí, tengo menores/s de edad a mi cargo;Muy superiores (más del doble);;;
Mobile;Femenino;25;25_34;Licenciatura, Grado. 2º Ciclo (Universitarios, Licenciados superior, Facultades, Escuelas técnicas superiores, etc;Madrid Oeste;El Escorial;;10.001-20.000;1;1;0;1;0;0;1;0;0;1;1;0;1;0;0;;8;4;7;6;8;5;6;6;6;6;3;4;2;6;7;De 3 meses a menos de 1 año;Resto Comunidad de Madrid;1;0;0;0;0;1;0;0;0;1;0;;;;;1,0;;3,0;2;;Que me lo hayan recomendado;Por su belleza;Por el valor histórico;7;6;7;4;6;7;5;5;Aspectos no tangibles del patrimonio cultural, como las tradiciones, cosas que se hacen;Sí;Sí;Sí;No;No;Sí;No;No;No;Hace más de 1 mes, pero menos de 1 año;Nunca;Estoy interesado y me gustaría que hubiera más actividades relacionadas;No estoy interesado;No lo conozco, pero soy curioso y me podría interesar;;;Nunca;;8;6;8;7;7;2;5;0 Escaso fomento y protección;;;6;;;;No lo sé;Trabajo;No;Alrededor de esa cifra;1,0;;
Mobile;Femenino;31;25_34;Licenciatura, Grado. 2º Ciclo (Universitarios, Licenciados superior, Facultades, Escuelas técnicas superiores, etc;Madrid Capital;;Usera;;1;1;1;1;1;1;1;0;1;1;0;0;0;1;0;;8;5;5;9;10 Me interesa muchísimo;4;5;7;4;10 Me interesa muchísimo;8;6;7;8;10 Es muy importante;Hace menos de 3 meses;Resto España;0;0;0;0;0;0;0;1;0;0;0;;;;;;1;3,0;;2,0;Que sea gratuito;Que forme parte de una tradición con la que me identifique;Por el valor histórico;10 Totalmente necesario;8;9;7;6;10 Totalmente necesario;10 Totalmente necesario;7;Lo que no es físico?;Sí;No;Sí;No;No;Sí;No;No;No;Hace 1 mes o menos;Hace entre 1 y 5 años;No lo conozco, pero soy curioso y me podría interesar;No lo conozco, pero soy curioso y me podría interesar;No lo conozco, pero soy curioso y me podría interesar;;;En el último año;;8;8;8;7;8;5;;5;;;6;;;;Las obras de teatro sin censura;Trabajo;No;Inferiores;;;
Mobile;Femenino;65;65_+;Segundo Grado. 2º Ciclo (FP Iº y IIº, Bachiller superior, BUP, 3º y 4º de ESO (2º ciclo) COU, PREU, 1º y 2º Bachillerato;Madrid Capital;;Chamartín;;1;0;1;1;0;1;0;0;0;0;0;1;0;1;0;;7;8;8;9;7;7;8;8;6;7;8;7;5;6;8;Hace menos de 3 meses;Extranjero;0;0;0;0;0;0;0;0;0;1;0;;;;;3,0;;2,0;1;;Por su belleza;Por el valor histórico;Que me lo hayan recomendado;7;7;8;8;8;7;8;6;Cultura y costumbres q hay q mantener;Sí;Sí;Sí;Sí;No;Sí;No;Sí;No;Hace 1 mes o menos;Hace más de 1 mes, pero menos de 1 año;No estoy interesado;Estoy interesado y me gustaría que hubiera más actividades relacionadas;No lo conozco, pero soy curioso y me podría interesar;Hace más de 5 años;;Hace más de 5 años;;7;3;8;7;7;8;0 Escaso fomento y protección;3;5;;7;;8;;No lo se;Jubilado/a o pensionista (anteriormente he trabajado);No;Superiores;;;
Mobile;Femenino;35;35_44;Segundo Grado. 2º Ciclo (FP Iº y IIº, Bachiller superior, BUP, 3º y 4º de ESO (2º ciclo) COU, PREU, 1º y 2º Bachillerato;Madrid Este;Alcalá de Henares;;100.001-500.000;0;1;1;1;0;1;0;0;0;0;1;1;1;1;0;;10 Me interesa muchísimo;9;5;7;8;4;7;7;5;6;6;8;5;8;8;Hace menos de 3 meses;Madrid capital;1;0;0;1;0;0;0;1;0;0;1;1;3,0;;;;;;;2,0;Que esté cerca;Que forme parte de una tradición con la que me identifique;Que ofrezca actividades para toda la familia;5;7;6;6;7;7;6;8;Nada;No;No;Sí;No;Sí;Sí;No;No;Sí;Hace entre 1 y 5 años;Hace entre 1 y 5 años;No lo conozco, pero soy curioso y me podría interesar;No lo conozco, pero soy curioso y me podría interesar;No lo conozco, pero soy curioso y me podría interesar;;Hace más de 5 años;Hace más de 5 años;;6;7;5;6;6;;;7;;7;7;;;6;Retiro y parques en general llenos de Sudaméricanos;Trabajo;Sí, tengo menores/s de edad a mi cargo;Superiores;1,0;;
Mobile;Femenino;29;25_34;Tercer Grado (Máster);Madrid Capital;;Moncloa-Aravaca;;0;0;1;1;0;0;0;0;0;1;1;1;0;0;0;;5;3;6;6;6;5;6;6;6;4;5;4;5;7;6;De 1 a 3 años;Resto España;0;0;0;1;0;0;0;0;1;0;0;;;;;;3;1,0;;2,0;Por el valor histórico;Que forme parte de una tradición con la que me identifique;Que sea gratuito;6;4;6;3;3;7;5;4;Cultura, canciones, fiestas;Sí;Sí;Sí;No;No;Sí;No;No;No;Hace más de 1 mes, pero menos de 1 año;Hace más de 5 años;No estoy interesado;Estoy interesado y me gustaría que hubiera más actividades relacionadas;No lo conozco, pero soy curioso y me podría interesar;;;Hace 1 año, pero menos de 5;;6;4;7;7;7;5;4;4;;;7;;;;No se;Trabajo;No;Muy superiores (más del doble);;;
Mobile;Femenino;47;45_54;Segundo Grado. 2º Ciclo (FP Iº y IIº, Bachiller superior, BUP, 3º y 4º de ESO (2º ciclo) COU, PREU, 1º y 2º Bachillerato;Madrid Norte;Alcobendas;;100.001-500.000;0;1;0;0;0;0;0;0;0;1;0;0;0;0;0;;8;5;5;9;9;5;8;8;5;6;8;5;4;6;10 Es muy importante;De 1 a 3 años;Resto España;0;0;0;0;0;1;0;0;0;0;0;;3,0;;;2,0;1;;;;Que sea gratuito;Que me lo hayan recomendado;Que ofrezca actividades para toda la familia;8;5;5;5;5;8;5;8;No se lo que significa;Sí;No;No;No;No;Sí;No;No;No;Hace entre 1 y 5 años;Nunca;No lo conozco, pero soy curioso y me podría interesar;No lo conozco, pero soy curioso y me podría interesar;No lo conozco, pero soy curioso y me podría interesar;;;Nunca;;6;5;6;6;5;5;;;;;8;;;;No se lo que significa Patrimonio Inmaterial;Parado/a y he trabajado antes;No;Alrededor de esa cifra;1,0;;
Mobile;Femenino;30;25_34;Tercer Grado. 1er Ciclo (Equivalente a Ingeniero técnico, 3 años, Escuelas universitarias, Ingenieros técnicos, Arquitec;Madrid Sur;Fuenlabrada;;100.001-500.000;0;0;1;1;0;0;0;0;0;1;0;1;0;0;0;;9;7;5;8;7;5;7;6;0 No me interesa en absoluto;9;8;4;1;0 No me interesa en absoluto;10 Es muy importante;De 3 meses a menos de 1 año;Resto España;1;0;0;0;0;0;0;1;0;0;0;;;2,0;;;;1,0;;;Por el valor histórico;Que sea Patrimonio Mundial;;8;6;6;4;8;8;6;4;Legado no tangible como por ejemplo la cultura;Sí;Sí;Sí;No;No;Sí;No;No;No;Hace más de 5 años;Nunca;No estoy interesado;No estoy interesado;No estoy interesado;;;Nunca;;8;5;8;4;8;7;0 Escaso fomento y protección;2;;;7;;;;Diversidad cultural,;Trabajo;No;Superiores;1,0;;
Mobile;Femenino;22;18_24;Segundo Grado. 2º Ciclo (FP Iº y IIº, Bachiller superior, BUP, 3º y 4º de ESO (2º ciclo) COU, PREU, 1º y 2º Bachillerato;Madrid Capital;;Chamberí;;0;1;1;0;1;0;1;0;1;1;1;1;0;1;0;;9;7;5;7;10 Me interesa muchísimo;6;7;7;7;8;6;7;5;6;10 Es muy importante;Hace menos de 3 meses;Extranjero;1;0;0;1;0;0;0;0;0;0;0;;;;;;2;3,0;1;;Por su belleza;Que sea gratuito;Por el valor histórico;7;6;8;6;7;8;5;8;No lo sé;Sí;Sí;No;No;No;Sí;No;No;No;Hace 1 mes o menos;Nunca;No estoy interesado;No estoy interesado;No estoy interesado;;;En el último año;;5;6;5;5;6;7;0 Escaso fomento y protección;;;;9;;;;No lo sé;Estudio;No;Superiores;;;
Desktop;Masculino;66;65_+;Segundo Grado. 2º Ciclo (FP Iº y IIº, Bachiller superior, BUP, 3º y 4º de ESO (2º ciclo) COU, PREU, 1º y 2º Bachillerato;Madrid Sur;Leganés;;100.001-500.000;0;0;1;0;0;0;0;0;1;0;0;0;0;0;0;;10 Me interesa muchísimo;10 Me interesa muchísimo;5;7;10 Me interesa muchísimo;5;9;9;8;7;7;9;6;6;10 Es muy importante;Hace menos de 3 meses;Madrid capital;0;0;0;0;0;0;0;1;0;0;0;2;;;;3,0;;1,0;;;Por el valor histórico;Que esté cerca;Que me lo hayan recomendado;9;10 Totalmente necesario;8;6;10 Totalmente necesario;10 Totalmente necesario;9;9;Patrimonios de la humanidad, algo de todos. tenemos que cuidar y respetar.;Sí;Sí;No;Sí;No;Sí;No;Sí;Sí;Hace 1 mes o menos;Hace más de 5 años;No estoy interesado;No estoy interesado;No estoy interesado;Nunca;;En el último año;;7;5;7;5;7;5;0 Escaso fomento y protección;;5;;10 Excelente fomento y protección;;10 Excelente fomento y protección;10 Excelente fomento y protección;La Musica, teatro;Jubilado/a o pensionista (anteriormente he trabajado);No;Muy superiores (más del doble);1,0;;
Desktop;Femenino;50;45_54;Licenciatura, Grado. 2º Ciclo (Universitarios, Licenciados superior, Facultades, Escuelas técnicas superiores, etc;Madrid Capital;;Salamanca;;0;0;0;1;1;0;0;0;0;1;0;0;0;0;0;;7;7;8;6;7;2;8;8;5;5;5;5;8;5;10 Es muy importante;Hace menos de 3 meses;Madrid capital;0;0;0;1;0;0;0;0;0;0;0;;;;;3,0;;2,0;;1,0;Que forme parte de una tradición con la que me identifique;Por el valor histórico;Que me lo hayan recomendado;7;6;8;7;6;8;6;9;Lo que no es material;Sí;Sí;Sí;No;No;Sí;No;Sí;No;Hace entre 1 y 5 años;Nunca;No lo conozco, pero soy curioso y me podría interesar;Estoy interesado y me gustaría que hubiera más actividades relacionadas;No lo conozco, pero soy curioso y me podría interesar;;;Hace más de 5 años;;7;5;7;7;6;5;2;8;;;6;;8;;Los oficios que se están perdiendo;Trabajo;No;Inferiores;;;
Desktop;Masculino;91;65_+;Primer Grado (Certificado escolar, EGB 1ª etapa, más o menos 10 años);Madrid Capital;;Latina;;0;0;0;0;0;0;0;1;0;0;0;0;0;1;0;;5;1;5;5;9;5;0 No me interesa en absoluto;5;6;8;4;2;0 No me interesa en absoluto;8;8;De 3 meses a menos de 1 año;Resto España;0;0;0;0;1;0;0;0;0;0;0;3;;;;2,0;;1,0;;;Por el valor histórico;Que me lo hayan recomendado;Que esté cerca;7;8;7;8;8;7;7;8;tradiciones;Sí;Sí;Sí;No;No;Sí;No;Sí;No;Hace más de 1 mes, pero menos de 1 año;Hace más de 5 años;Estoy interesado y me gustaría que hubiera más actividades relacionadas;Estoy interesado y me gustaría que hubiera más actividades relacionadas;No estoy interesado;;;Hace 1 año, pero menos de 5;;7;7;7;7;7;8;8;7;;;9;;7;;no se;Jubilado/a o pensionista (anteriormente he trabajado);No;Inferiores;;;
Mobile;Masculino;67;65_+;Licenciatura, Grado. 2º Ciclo (Universitarios, Licenciados superior, Facultades, Escuelas técnicas superiores, etc;Madrid Capital;;Latina;;0;0;1;1;0;0;0;0;0;0;1;0;0;1;0;;9;8;5;9;8;0 No me interesa en absoluto;7;7;0 No me interesa en absoluto;9;0 No me interesa en absoluto;7;4;4;10 Es muy importante;De 3 meses a menos de 1 año;Extranjero;0;1;0;0;0;0;0;0;0;0;0;;;;;;3;1,0;2;;Por el valor histórico;Por su belleza;Que sea gratuito;7;8;7;6;6;8;5;8;Ns/nc;No;Sí;Sí;No;No;Sí;No;No;No;Nunca;Hace más de 5 años;Estoy interesado y me gustaría que hubiera más actividades relacionadas;No estoy interesado;No estoy interesado;;;En el último año;;6;4;6;6;5;;9;3;;;8;;;;Ns/nc;Jubilado/a o pensionista (anteriormente he trabajado);No;Muy superiores (más del doble);;;
Mobile;Masculino;26;25_34;Tercer Grado (Máster);Madrid Sur;Parla;;100.001-500.000;1;1;1;1;1;0;1;0;1;1;0;1;0;1;0;;6;7;8;5;4;3;3;5;6;9;7;3;3;9;10 Es muy importante;Hace menos de 3 meses;Extranjero;0;0;0;0;0;0;0;1;0;0;0;;;;;;3;1,0;2;;Por el valor histórico;Por su belleza;Que sea gratuito;2;7;6;8;3;3;2;4;Lo que no se puede cuantificar ni almacenar, como una danza o un olor;Sí;Sí;No;No;No;Sí;No;Sí;No;Hace más de 1 mes, pero menos de 1 año;Nunca;No estoy interesado;Estoy interesado y me gustaría que hubiera más actividades relacionadas;No estoy interesado;;;Nunca;;4;3;8;6;5;7;3;;;;7;;8;;No se me ocurre nada;Trabajo;No;Alrededor de esa cifra;1,0;;
Desktop;Femenino;26;25_34;Licenciatura, Grado. 2º Ciclo (Universitarios, Licenciados superior, Facultades, Escuelas técnicas superiores, etc;Madrid Capital;;Villaverde;;1;0;0;1;0;0;0;0;1;0;0;0;0;0;0;;6;0 No me interesa en absoluto;0 No me interesa en absoluto;6;7;0 No me interesa en absoluto;6;8;0 No me interesa en absoluto;6;0 No me interesa en absoluto;0 No me interesa en absoluto;0 No me interesa en absoluto;0 No me interesa en absoluto;8;De 3 meses a menos de 1 año;Extranjero;0;0;0;0;0;0;0;0;1;0;0;;;;1,0;;2;;3;;Que aparezca en las guías;Que sea gratuito;Por su belleza;5;6;6;0 Nada necesario;0 Nada necesario;6;6;8;algo importante que no se puede tocar;No;Sí;No;No;No;Sí;No;No;Sí;Nunca;Nunca;No estoy interesado;No estoy interesado;No estoy interesado;;;Nunca;;10 Estoy muy de acuerdo;6;9;8;8;;8;;;;8;;;7;no se me ocurre nada;Trabajo;No;Superiores;;;
Mobile;Masculino;53;45_54;Segundo Grado. 2º Ciclo (FP Iº y IIº, Bachiller superior, BUP, 3º y 4º de ESO (2º ciclo) COU, PREU, 1º y 2º Bachillerato;Madrid Norte;San Agustín del Guadalix;;10.001-20.000;0;0;0;0;0;0;0;1;1;0;0;0;0;0;0;;10 Me interesa muchísimo;9;7;10 Me interesa muchísimo;9;5;7;8;4;8;3;4;0 No me interesa en absoluto;7;10 Es muy importante;Hace más de 3 años;Extranjero;0;0;0;0;0;1;0;0;0;0;1;;1,0;;;;3;2,0;;;Que ofrezca actividades para toda la familia;Por el valor histórico;Que sea gratuito;10 Totalmente necesario;10 Totalmente necesario;8;0 Nada necesario;10 Totalmente necesario;10 Totalmente necesario;10 Totalmente necesario;0 Está muy mal conservado;No lo sé;Sí;No;Sí;Sí;No;Sí;No;No;Sí;Hace entre 1 y 5 años;Nunca;Estoy interesado y me gustaría que hubiera más actividades relacionadas;Estoy interesado y me gustaría que hubiera más actividades relacionadas;Estoy interesado y me gustaría que hubiera más actividades relacionadas;Hace más de 5 años;;Hace más de 5 años;;5;5;5;5;5;0 Escaso fomento y protección;;3;4;;8;;;0 Escaso fomento y protección;Rutas senderismo por parajes singulares;Trabajo;Sí, tengo menores/s de edad a mi cargo;Superiores;1,0;;
Mobile;Femenino;35;35_44;Segundo Grado. 1er Ciclo (Graduado escolar, o EGB 2ª etapa, 1º y 2º ESO-1er ciclo- hasta 14 años);Madrid Sur;Getafe;;100.001-500.000;0;0;1;0;0;0;0;0;0;1;0;0;0;0;0;;9;0 No me interesa en absoluto;3;9;9;7;3;5;5;3;1;1;0 No me interesa en absoluto;5;9;Hace más de 3 años;Extranjero;0;0;0;0;0;0;0;1;0;0;0;;;2,0;;;1;3,0;;;Que sea gratuito;Que sea Patrimonio Mundial;Por el valor histórico;5;5;5;5;5;5;5;6;No se;Sí;No;No;No;No;Sí;No;No;No;Hace 1 mes o menos;Nunca;No estoy interesado;No lo conozco, pero soy curioso y me podría interesar;No lo conozco, pero soy curioso y me podría interesar;;;Hace más de 5 años;;5;9;7;5;4;9;;;;;9;;;;No lo sé;Trabajo;Sí, tengo menores/s de edad a mi cargo;Inferiores;1,0;;
Mobile;Masculino;42;35_44;Tercer Grado (Máster);Madrid Capital;;Usera;;1;1;1;1;1;1;1;0;1;1;0;1;1;1;0;;8;7;7;8;8;4;7;7;3;8;5;7;8;5;7;De 3 meses a menos de 1 año;Resto España;1;0;0;0;0;0;0;0;0;0;0;;;1,0;;;;3,0;2;;Que sea Patrimonio Mundial;Por su belleza;Por el valor histórico;6;7;7;7;8;7;7;7;Algo que no es físico, por ejemplo el flamenco;Sí;No;Sí;No;No;Sí;Sí;No;No;Hace entre 1 y 5 años;Hace más de 5 años;Estoy interesado y me gustaría que hubiera más actividades relacionadas;No lo conozco, pero soy curioso y me podría interesar;No lo conozco, pero soy curioso y me podría interesar;;;Hace 1 año, pero menos de 5;Hace más de 5 años;7;5;6;6;6;3;;6;;;6;6;;;Los barquillos y organistas;Trabajo;No;Muy superiores (más del doble);;;
Desktop;Masculino;67;65_+;Segundo Grado. 2º Ciclo (FP Iº y IIº, Bachiller superior, BUP, 3º y 4º de ESO (2º ciclo) COU, PREU, 1º y 2º Bachillerato;Madrid Capital;;Usera;;0;0;1;0;0;0;0;0;1;0;0;1;0;0;0;;3;3;3;3;3;3;3;3;3;3;3;3;3;3;5;Hace más de 3 años;Resto Comunidad de Madrid;0;0;0;0;0;0;0;0;1;0;0;2;;;;;1;;;3,0;Que sea gratuito;Que esté cerca;Que forme parte de una tradición con la que me identifique;No lo sé / Prefiero no contestar;No lo sé / Prefiero no contestar;No lo sé / Prefiero no contestar;No lo sé / Prefiero no contestar;No lo sé / Prefiero no contestar;No lo sé / Prefiero no contestar;No lo sé / Prefiero no contestar;No lo sé / Prefiero no contestar;nada;Sí;Sí;No;No;No;No;No;No;No;Nunca;Hace más de 5 años;No estoy interesado;No estoy interesado;No estoy interesado;;;;;4;4;4;4;4;5;5;;;;;;;;nada;Jubilado/a o pensionista (anteriormente he trabajado);No;Alrededor de esa cifra;;;
Mobile;Femenino;70;65_+;Licenciatura, Grado. 2º Ciclo (Universitarios, Licenciados superior, Facultades, Escuelas técnicas superiores, etc;Madrid Capital;;Hortaleza;;0;0;1;1;1;0;1;0;1;0;1;1;0;0;0;;9;9;5;9;9;5;8;8;5;9;7;7;6;9;10 Es muy importante;De 3 meses a menos de 1 año;Madrid capital;0;0;0;0;0;0;0;1;0;0;0;;;;3,0;;;1,0;2;;Por el valor histórico;Por su belleza;Que aparezca en las guías;9;10 Totalmente necesario;10 Totalmente necesario;10 Totalmente necesario;10 Totalmente necesario;10 Totalmente necesario;9;9;Experiencia heredada;Sí;Sí;Sí;Sí;No;Sí;No;Sí;No;Hace 1 mes o menos;Hace entre 1 y 5 años;No lo conozco, pero soy curioso y me podría interesar;Estoy interesado y me gustaría que hubiera más actividades relacionadas;No lo conozco, pero soy curioso y me podría interesar;Nunca;;En el último año;;9;9;9;8;9;10 Excelente fomento y protección;10 Excelente fomento y protección;7;8;;10 Excelente fomento y protección;;8;;Todas las técnicas manuales artesanales;Jubilado/a o pensionista (anteriormente he trabajado);No;Muy superiores (más del doble);;;
Desktop;Masculino;44;35_44;Licenciatura, Grado. 2º Ciclo (Universitarios, Licenciados superior, Facultades, Escuelas técnicas superiores, etc;Madrid Capital;;Arganzuela;;0;0;0;1;0;0;0;0;1;1;0;0;0;0;0;;6;6;5;6;8;3;6;8;4;6;4;6;6;5;8;Hace menos de 3 meses;Extranjero;1;0;0;0;0;0;0;1;0;0;0;;;2,0;;;;3,0;1;;Por su belleza;Que sea Patrimonio Mundial;Por el valor histórico;7;7;6;5;7;7;6;7;Tradiciones culturales;Sí;Sí;Sí;No;No;Sí;No;No;No;Hace entre 1 y 5 años;Nunca;Estoy interesado y me gustaría que hubiera más actividades relacionadas;No lo conozco, pero soy curioso y me podría interesar;No lo conozco, pero soy curioso y me podría interesar;;;Hace 1 año, pero menos de 5;;7;5;6;6;6;8;8;4;;;5;;;;Gastronomía;Trabajo;Sí, tengo menores/s de edad a mi cargo;Superiores;;;
Desktop;Femenino;24;18_24;Tercer Grado. 1er Ciclo (Equivalente a Ingeniero técnico, 3 años, Escuelas universitarias, Ingenieros técnicos, Arquitec;Madrid Capital;;Ciudad Lineal;;1;1;0;1;1;1;1;0;1;0;1;0;0;1;0;;7;6;9;5;8;3;6;5;5;9;7;7;8;6;9;De 3 meses a menos de 1 año;Madrid capital;0;0;0;0;0;0;0;1;0;1;0;;;;;3,0;;1,0;2;;Por el valor histórico;Por su belleza;Que me lo hayan recomendado;5;8;8;8;6;8;8;3;Todo aquello que no obedece a lo tangible, como puedan ser tradiciones reales, cocina o expresiones de socialización cultural en barriadas.;Sí;Sí;Sí;Sí;No;Sí;No;Sí;Sí;Nunca;Nunca;No estoy interesado;Estoy interesado y me gustaría que hubiera más actividades relacionadas;Estoy interesado y me gustaría que hubiera más actividades relacionadas;Nunca;;En el último año;;8;6;8;8;8;9;9;1;4;;4;;2;1;"Cualquier elemento salvo el flamenco, que es de Andalucía o del Madrid de los 50s (a no ser que se potencie el nuevo flamenco de fin de siglo en áreas como Vallecas). Lo mismo con los toros, a los que nadie va a ver si no es para hacer chanchullos. Lo que se debería proteger, si vamos a hacer el juego del flamenco, es proteger y potenciar un deporte nacional como es la pelota vasca, creando espacios buenos de juego en cada barrio; potenciándolo y olvidando ese deporte de ingleses, que no trae más que borrachos.";Parado/a y he trabajado antes;No;Superiores;;;
Mobile;Femenino;21;18_24;Tercer Grado. 1er Ciclo (Equivalente a Ingeniero técnico, 3 años, Escuelas universitarias, Ingenieros técnicos, Arquitec;Madrid Capital;;Arganzuela;;1;1;1;1;1;0;1;0;1;1;1;1;1;1;0;;3;8;8;4;10 Me interesa muchísimo;10 Me interesa muchísimo;10 Me interesa muchísimo;10 Me interesa muchísimo;10 Me interesa muchísimo;9;10 Me interesa muchísimo;10 Me interesa muchísimo;7;10 Me interesa muchísimo;10 Es muy importante;Hace menos de 3 meses;Madrid capital;1;0;0;0;0;0;0;1;0;1;0;3;;;;1,0;2;;;;Que me lo hayan recomendado;Que sea gratuito;Que esté cerca;9;10 Totalmente necesario;10 Totalmente necesario;7;10 Totalmente necesario;10 Totalmente necesario;10 Totalmente necesario;4;Patrimonio cultural que no está relacionado con los materiales sino con tradiciones y costumbres;Sí;Sí;Sí;No;No;Sí;No;No;No;Hace 1 mes o menos;Hace entre 1 y 5 años;No lo conozco, pero soy curioso y me podría interesar;No lo conozco, pero soy curioso y me podría interesar;No lo conozco, pero soy curioso y me podría interesar;;;En el último año;;10 Estoy muy de acuerdo;3;10 Estoy muy de acuerdo;10 Estoy muy de acuerdo;10 Estoy muy de acuerdo;7;5;1;;;7;;;;Platos tradicionales como el cocido madrileño que luego van vendiendo mierda diciendo que es nuestra comida;Estudio;No;Alrededor de esa cifra;;;
Desktop;Femenino;51;45_54;Tercer Grado (Máster);Madrid Este;Camarma de Esteruelas;;Hasta 10.000;1;0;0;0;0;0;1;0;1;1;1;1;0;0;0;;10 Me interesa muchísimo;10 Me interesa muchísimo;9;10 Me interesa muchísimo;8;9;9;10 Me interesa muchísimo;8;8;7;8;7;10 Me interesa muchísimo;10 Es muy importante;Hace menos de 3 meses;Resto España;1;0;1;0;0;0;0;0;0;0;0;;;;;;3;2,0;1;;Por su belleza;Por el valor histórico;Que sea gratuito;9;9;9;8;9;10 Totalmente necesario;9;7;Ese mismo patrimonio pero de cosas que no son edificios, tierra......;Sí;Sí;Sí;No;No;Sí;No;No;No;Hace más de 1 mes, pero menos de 1 año;Hace más de 1 mes, pero menos de 1 año;No estoy interesado;No estoy interesado;No estoy interesado;;;Hace más de 5 años;;9;4;10 Estoy muy de acuerdo;6;7;9;7;8;;;8;;;;El Rastro. El Retiro;Trabajo;No;Superiores;1,0;1,0;1,0
Mobile;Masculino;38;35_44;Tercer Grado (Máster);Madrid Este;Ajalvir;;Hasta 10.000;1;0;1;0;1;1;0;0;1;1;0;0;0;1;0;;7;7;2;8;9;2;8;9;1;8;7;4;1;0 No me interesa en absoluto;10 Es muy importante;Hace menos de 3 meses;Resto España;1;0;0;0;0;0;0;1;0;0;0;;;;;;3;2,0;1;;Por su belleza;Por el valor histórico;Que sea gratuito;9;8;8;4;3;10 Totalmente necesario;1;No lo sé / Prefiero no contestar;Fiestas, actividades, formas de vida históricas;Sí;Sí;Sí;No;No;Sí;No;No;No;Hace más de 1 mes, pero menos de 1 año;Hace más de 5 años;No lo conozco, pero soy curioso y me podría interesar;No estoy interesado;No estoy interesado;;;Nunca;;9;7;9;9;6;6;5;1;;;5;;;;Fiestas romanas y medievales de Alcalá de Henares, además de fiestas culinarias como la feria de las tapas;Otra situación;No;Alrededor de esa cifra;1,0;1,0;1,0
Mobile;Femenino;44;35_44;Tercer Grado (Máster);Madrid Oeste;Zarzalejo;;Hasta 10.000;0;0;0;0;0;0;0;1;0;0;0;0;0;1;0;;7;8;No lo sé / Prefiero no contestar;7;9;2;10 Me interesa muchísimo;10 Me interesa muchísimo;7;10 Me interesa muchísimo;4;7;4;5;10 Es muy importante;Hace más de 3 años;Madrid capital;1;1;0;0;0;0;0;1;0;0;0;;;;;;2;;1;;Por su belleza;Que sea gratuito;;8;No lo sé / Prefiero no contestar;7;No lo sé / Prefiero no contestar;No lo sé / Prefiero no contestar;No lo sé / Prefiero no contestar;No lo sé / Prefiero no contestar;No lo sé / Prefiero no contestar;No se lo que es;Sí;Sí;Sí;No;No;Sí;No;No;No;Nunca;Nunca;No lo conozco, pero soy curioso y me podría interesar;No estoy interesado;No lo conozco, pero soy curioso y me podría interesar;;;Nunca;;8;8;7;10 Estoy muy de acuerdo;7;0 Escaso fomento y protección;5;0 Escaso fomento y protección;;;0 Escaso fomento y protección;;;;Los mercados medievales;Otra situación;No;Alrededor de esa cifra;1,0;;
Desktop;Masculino;48;45_54;Tercer Grado. 1er Ciclo (Equivalente a Ingeniero técnico, 3 años, Escuelas universitarias, Ingenieros técnicos, Arquitec;Madrid Capital;;Puente de Vallecas;;1;0;1;1;0;0;0;0;1;0;0;1;0;1;0;;8;8;4;8;6;6;7;6;5;7;6;5;4;7;8;De 3 meses a menos de 1 año;Resto España;1;0;0;0;0;0;0;1;0;0;0;2;;;;;3;1,0;;;Por el valor histórico;Que esté cerca;Que sea gratuito;7;6;5;6;4;5;6;7;tradiciones orales folclore...;Sí;Sí;Sí;No;No;Sí;No;No;Sí;Hace más de 1 mes, pero menos de 1 año;Hace más de 5 años;No lo conozco, pero soy curioso y me podría interesar;No lo conozco, pero soy curioso y me podría interesar;No lo conozco, pero soy curioso y me podría interesar;;;Nunca;;7;6;5;6;5;6;0 Escaso fomento y protección;6;;;4;;;5;NO LO SE;Trabajo;Sí, tengo menores/s de edad a mi cargo;Muy superiores (más del doble);;;
Mobile;Masculino;70;65_+;Segundo Grado. 1er Ciclo (Graduado escolar, o EGB 2ª etapa, 1º y 2º ESO-1er ciclo- hasta 14 años);Madrid Capital;;Carabanchel;;1;0;1;0;1;0;0;0;0;0;0;1;0;0;0;;6;9;8;7;7;4;10 Me interesa muchísimo;8;7;8;6;7;5;6;10 Es muy importante;Hace menos de 3 meses;Madrid capital;1;0;0;0;0;0;0;0;0;0;0;;;;;;2;1,0;;;Por el valor histórico;Que sea gratuito;;7;7;7;6;7;8;5;4;Nada;Sí;No;No;No;No;Sí;Sí;Sí;No;Nunca;Nunca;No estoy interesado;Estoy interesado y me gustaría que hubiera más actividades relacionadas;No lo conozco, pero soy curioso y me podría interesar;;;Hace más de 5 años;Nunca;6;4;5;6;6;4;;;;;7;5;4;;Ninguno;Jubilado/a o pensionista (anteriormente he trabajado);No;Superiores;;;
Mobile;Femenino;46;45_54;Segundo Grado. 2º Ciclo (FP Iº y IIº, Bachiller superior, BUP, 3º y 4º de ESO (2º ciclo) COU, PREU, 1º y 2º Bachillerato;Madrid Sur;San Martín de Valdeiglesias;;Hasta 10.000;0;0;0;0;0;0;0;1;1;1;0;1;0;0;0;;8;6;5;8;9;4;7;8;0 No me interesa en absoluto;6;4;4;5;5;10 Es muy importante;Hace menos de 3 meses;Resto España;0;0;0;0;0;0;0;1;0;0;0;;;;;;3;1,0;2;;Por el valor histórico;Por su belleza;Que sea gratuito;7;7;0 Nada necesario;5;6;10 Totalmente necesario;8;5;expresiones vivas heredadas de nuestros antepasados y transmitidas a nuestros descendientes, como tradiciones orales, artes escénicas, usos sociales, rituales, actos festivos, conocimientos y prácticas relativos a la naturaleza y el universo, y saberes y técnicas ...;Sí;Sí;No;No;Sí;Sí;No;Sí;No;Hace entre 1 y 5 años;Hace entre 1 y 5 años;No estoy interesado;Estoy interesado y me gustaría que hubiera más actividades relacionadas;No estoy interesado;;Hace 1 año, pero menos de 5;Hace 1 año, pero menos de 5;;5;6;5;5;5;10 Excelente fomento y protección;10 Excelente fomento y protección;;;10 Excelente fomento y protección;10 Excelente fomento y protección;;10 Excelente fomento y protección;;Todas las fiestas locales;Trabajo;No;Inferiores;1,0;;
Mobile;Femenino;45;45_54;Tercer Grado (Máster);Madrid Oeste;Alpedrete;;10.001-20.000;0;0;1;1;0;0;1;0;0;1;1;0;0;1;0;;8;5;8;7;9;3;9;10 Me interesa muchísimo;6;8;7;7;6;8;9;Hace menos de 3 meses;Resto España;0;0;0;0;0;0;0;1;0;0;0;;;;;2,0;;3,0;1;;Por su belleza;Que me lo hayan recomendado;Por el valor histórico;9;9;7;5;8;8;8;8;Las costumbres de la zona;Sí;Sí;Sí;No;No;Sí;No;No;No;Nunca;Nunca;Sí, soy aficionado;No lo conozco, pero soy curioso y me podría interesar;No lo conozco, pero soy curioso y me podría interesar;;;Hace más de 5 años;;9;2;9;7;8;5;5;7;;;7;;;;No lo se;Trabajo;Sí, tengo menores/s de edad a mi cargo;Superiores;1,0;;
Mobile;Femenino;66;65_+;Segundo Grado. 1er Ciclo (Graduado escolar, o EGB 2ª etapa, 1º y 2º ESO-1er ciclo- hasta 14 años);Madrid Sur;Valdemoro;;50.001-100.000;0;0;0;1;1;0;0;0;0;1;0;1;0;0;0;;10 Me interesa muchísimo;7;8;9;9;7;9;8;6;8;8;8;6;7;10 Es muy importante;Hace menos de 3 meses;Resto España;1;0;0;0;0;0;0;0;0;0;0;;;;;;3;1,0;2;;Por el valor histórico;Por su belleza;Que sea gratuito;8;8;7;7;8;8;8;8;Me gusta;No;Sí;Sí;No;No;Sí;No;No;No;Hace 1 mes o menos;Hace entre 1 y 5 años;Sí, soy aficionado;No lo conozco, pero soy curioso y me podría interesar;No lo conozco, pero soy curioso y me podría interesar;;;En el último año;;5;8;8;5;6;;4;3;;;8;;;;Los antiguos oficios;Jubilado/a o pensionista (anteriormente he trabajado);No;Alrededor de esa cifra;;;
Mobile;Femenino;36;35_44;Licenciatura, Grado. 2º Ciclo (Universitarios, Licenciados superior, Facultades, Escuelas técnicas superiores, etc;Madrid Capital;;Salamanca;;1;1;1;0;1;1;1;0;1;0;0;0;0;0;0;;7;5;7;6;7;5;7;7;7;6;7;6;5;6;10 Es muy importante;Hace menos de 3 meses;Extranjero;1;0;0;0;0;0;0;0;0;0;0;;;;;;2;1,0;3;;Por el valor histórico;Que sea gratuito;Por su belleza;8;8;8;8;8;8;8;7;No sé que es;Sí;Sí;Sí;No;No;Sí;No;No;No;Hace 1 mes o menos;Nunca;Estoy interesado y me gustaría que hubiera más actividades relacionadas;No lo conozco, pero soy curioso y me podría interesar;No lo conozco, pero soy curioso y me podría interesar;;;Hace 1 año, pero menos de 5;;6;6;6;5;6;7;6;6;;;6;;;;No sé;Trabajo;Sí, tengo menores/s de edad a mi cargo;Superiores;;;
Mobile;Masculino;50;45_54;Licenciatura, Grado. 2º Ciclo (Universitarios, Licenciados superior, Facultades, Escuelas técnicas superiores, etc;Madrid Norte;San Sebastián de los Reyes;;50.001-100.000;0;0;1;0;0;1;0;0;1;1;0;1;0;0;0;;9;8;8;7;8;2;9;8;5;8;6;6;6;4;9;Hace menos de 3 meses;Resto Comunidad de Madrid;0;0;0;1;0;0;0;1;0;0;0;1;;;;;3;2,0;;;Que esté cerca;Por el valor histórico;Que sea gratuito;7;8;8;7;8;8;6;5;Conceptos, tradiciones, modos;Sí;Sí;Sí;No;No;Sí;No;No;No;Hace más de 5 años;Hace más de 5 años;Estoy interesado y me gustaría que hubiera más actividades relacionadas;No lo conozco, pero soy curioso y me podría interesar;Estoy interesado y me gustaría que hubiera más actividades relacionadas;;;Hace más de 5 años;;7;7;7;7;5;6;8;4;;;6;;;;Los toros no;Trabajo;No;Muy superiores (más del doble);;;
Desktop;Masculino;35;35_44;Tercer Grado (Máster);Madrid Capital;;Chamartín;;1;0;0;1;1;0;1;0;1;1;0;0;0;1;0;;9;9;6;8;9;2;10 Me interesa muchísimo;9;8;9;5;3;6;6;10 Es muy importante;Hace menos de 3 meses;Madrid capital;0;0;0;0;0;0;0;1;0;0;0;;;;;3,0;;2,0;1;;Por su belleza;Por el valor histórico;Que me lo hayan recomendado;10 Totalmente necesario;10 Totalmente necesario;8;10 Totalmente necesario;10 Totalmente necesario;10 Totalmente necesario;9;9;tradiciones, música, gastronomía...;Sí;Sí;Sí;Sí;No;Sí;No;No;Sí;Nunca;Nunca;No lo conozco, pero soy curioso y me podría interesar;No estoy interesado;No lo conozco, pero soy curioso y me podría interesar;Nunca;;En el último año;;10 Estoy muy de acuerdo;8;10 Estoy muy de acuerdo;7;9;8;8;3;5;;10 Excelente fomento y protección;;;3;no se me ocurre nada;Trabajo;Sí, tengo menores/s de edad a mi cargo;Muy superiores (más del doble);;;
Desktop;Femenino;47;45_54;Tercer Grado (Máster);Madrid Este;Daganzo de Arriba;;Hasta 10.000;0;1;1;1;0;0;1;0;1;0;0;0;0;0;0;;8;6;6;7;9;7;6;7;5;7;6;6;5;6;10 Es muy importante;Hace menos de 3 meses;Extranjero;1;0;0;0;0;1;0;0;0;0;0;;;;;;1;3,0;2;;Que sea gratuito;Por su belleza;Por el valor histórico;7;8;6;5;10 Totalmente necesario;6;5;8;Que no se puede cuantificar;Sí;No;Sí;No;No;Sí;No;No;No;Nunca;Hace entre 1 y 5 años;No estoy interesado;No lo conozco, pero soy curioso y me podría interesar;No lo conozco, pero soy curioso y me podría interesar;;;Hace más de 5 años;;8;8;7;7;8;8;;6;;;8;;;;--;Trabajo;Sí, tengo menores/s de edad a mi cargo;Muy superiores (más del doble);1,0;;
Mobile;Femenino;24;18_24;Segundo Grado. 1er Ciclo (Graduado escolar, o EGB 2ª etapa, 1º y 2º ESO-1er ciclo- hasta 14 años);Madrid Capital;;Villaverde;;0;0;0;1;0;0;0;0;0;1;0;1;0;0;0;;1;7;7;0 No me interesa en absoluto;7;4;9;4;5;9;6;3;4;6;6;Hace menos de 3 meses;Madrid capital;1;0;1;0;0;0;0;0;0;1;0;3;;;;;2;;1;;Por su belleza;Que sea gratuito;Que esté cerca;2;2;1;3;3;4;3;2;Ni idea;Sí;Sí;No;No;No;Sí;No;No;No;Hace entre 1 y 5 años;Hace entre 1 y 5 años;No lo conozco, pero soy curioso y me podría interesar;Estoy interesado y me gustaría que hubiera más actividades relacionadas;Estoy interesado y me gustaría que hubiera más actividades relacionadas;;;Hace más de 5 años;;5;4;5;5;4;5;3;;;;6;;;;Las personas;Estudio;No;Alrededor de esa cifra;;;
Desktop;Masculino;47;45_54;Tercer Grado (Máster);Madrid Oeste;Galapagar;;20.001-50.000;0;0;0;1;0;0;0;0;1;1;0;0;0;1;0;;7;8;5;8;8;2;5;4;3;8;5;4;3;4;8;De 1 a 3 años;Resto España;0;0;1;0;0;0;0;1;1;0;0;;;;;2,0;;3,0;1;;Por su belleza;Que me lo hayan recomendado;Por el valor histórico;7;5;8;7;7;9;5;7;cultura no tangible, musica, tradiciones;Sí;Sí;Sí;No;No;Sí;No;No;No;Hace entre 1 y 5 años;Hace más de 5 años;No estoy interesado;No estoy interesado;No estoy interesado;;;Hace más de 5 años;;6;2;6;8;3;5;7;2;;;8;;;;No se más alla de los comentados en la encuesta;Trabajo;Sí, tengo menores/s de edad a mi cargo;Muy superiores (más del doble);;;
Mobile;Femenino;38;35_44;Segundo Grado. 1er Ciclo (Graduado escolar, o EGB 2ª etapa, 1º y 2º ESO-1er ciclo- hasta 14 años);Madrid Sur;Móstoles;;100.001-500.000;1;1;1;1;0;0;1;0;1;1;1;0;0;1;0;;3;2;2;4;5;7;5;4;9;5;5;2;2;5;8;Hace más de 3 años;Resto España;0;0;0;0;0;0;0;1;0;0;0;3;1,0;;;2,0;;;;;Que ofrezca actividades para toda la familia;Que me lo hayan recomendado;Que esté cerca;8;5;5;2;5;9;9;5;No lo se;Sí;Sí;Sí;No;No;Sí;No;No;No;Hace 1 mes o menos;Hace más de 1 mes, pero menos de 1 año;Estoy interesado y me gustaría que hubiera más actividades relacionadas;No lo conozco, pero soy curioso y me podría interesar;No lo conozco, pero soy curioso y me podría interesar;;;Hace 1 año, pero menos de 5;;8;4;8;7;5;5;8;5;;;7;;;;No se;Trabajo;Sí, tengo menores/s de edad a mi cargo;Muy superiores (más del doble);1,0;;
Mobile;Femenino;34;25_34;Licenciatura, Grado. 2º Ciclo (Universitarios, Licenciados superior, Facultades, Escuelas técnicas superiores, etc;Madrid Oeste;Collado Villalba;;50.001-100.000;0;0;0;0;0;0;1;0;0;1;0;0;0;0;0;;7;6;8;7;8;5;7;8;7;8;7;6;7;8;9;Hace menos de 3 meses;Resto España;0;0;1;0;0;0;0;1;0;0;0;;;1,0;;;;;2;;Que sea Patrimonio Mundial;Por su belleza;;9;7;8;8;7;9;8;7;Patrimonio que no sea material. Puede ser conocimientos;Sí;Sí;Sí;No;No;Sí;No;No;No;Hace entre 1 y 5 años;Hace más de 5 años;No estoy interesado;No estoy interesado;No estoy interesado;;;Nunca;;6;6;5;5;5;5;5;5;;;5;;;;No se;Trabajo;No;Superiores;1,0;;
Mobile;Femenino;30;25_34;Licenciatura, Grado. 2º Ciclo (Universitarios, Licenciados superior, Facultades, Escuelas técnicas superiores, etc;Madrid Capital;;Salamanca;;1;0;1;1;0;0;1;0;1;1;0;0;0;1;0;;4;6;2;6;9;9;8;8;8;8;4;4;3;7;10 Es muy importante;Hace menos de 3 meses;Madrid capital;1;0;0;0;0;0;1;1;0;0;0;;;;;3,0;1;;2;;Que sea gratuito;Por su belleza;Que me lo hayan recomendado;6;6;7;4;4;9;2;6;Cultura;Sí;Sí;Sí;No;No;Sí;No;Sí;No;Hace 1 mes o menos;Hace entre 1 y 5 años;No estoy interesado;No estoy interesado;No estoy interesado;;;En el último año;;5;5;5;7;6;8;7;5;;;7;;4;;No lo se;Trabajo;No;Superiores;;;
Desktop;Femenino;36;35_44;Licenciatura, Grado. 2º Ciclo (Universitarios, Licenciados superior, Facultades, Escuelas técnicas superiores, etc;Madrid Capital;;Moncloa-Aravaca;;0;0;1;1;0;0;0;0;0;1;0;0;0;1;0;;7;5;6;5;7;4;5;6;5;5;5;5;4;5;6;De 1 a 3 años;Resto España;0;0;0;0;0;0;0;1;0;1;0;2;;;;3,0;1;;;;Que sea gratuito;Que esté cerca;Que me lo hayan recomendado;6;5;5;5;5;7;5;7;algo q es mas abstracto;Sí;Sí;No;No;No;Sí;No;No;No;Nunca;Hace entre 1 y 5 años;No estoy interesado;No estoy interesado;No estoy interesado;;;Nunca;;7;5;6;6;5;6;6;;;;6;;;;no se lo q es;Trabajo;Sí, tengo menores/s de edad a mi cargo;Superiores;;;
Mobile;Masculino;43;35_44;Tercer Grado. 1er Ciclo (Equivalente a Ingeniero técnico, 3 años, Escuelas universitarias, Ingenieros técnicos, Arquitec;Madrid Sur;Móstoles;;100.001-500.000;0;0;0;1;0;0;0;0;0;0;0;0;0;0;1;Amigos;7;5;4;6;6;3;7;7;6;8;4;5;5;6;7;Hace menos de 3 meses;Resto España;0;0;0;0;0;0;0;1;0;0;0;;;;;;1;3,0;2;;Que sea gratuito;Por su belleza;Por el valor histórico;7;7;7;5;7;7;7;5;Ns;Sí;No;Sí;No;No;Sí;No;Sí;No;Hace más de 1 mes, pero menos de 1 año;Hace entre 1 y 5 años;Estoy interesado y me gustaría que hubiera más actividades relacionadas;Estoy interesado y me gustaría que hubiera más actividades relacionadas;No lo conozco, pero soy curioso y me podría interesar;;;Hace 1 año, pero menos de 5;;8;0 No estoy de acuerdo en absoluto;6;6;7;7;;4;;;7;;3;;Chotis;Trabajo;Sí, tengo menores/s de edad a mi cargo;Muy superiores (más del doble);1,0;;
Desktop;Femenino;59;55_64;Segundo Grado. 2º Ciclo (FP Iº y IIº, Bachiller superior, BUP, 3º y 4º de ESO (2º ciclo) COU, PREU, 1º y 2º Bachillerato;Madrid Este;Rivas-Vaciamadrid;;50.001-100.000;0;0;0;1;0;0;0;0;1;0;0;1;0;1;0;;10 Me interesa muchísimo;9;7;9;9;9;9;9;7;10 Me interesa muchísimo;9;9;9;7;10 Es muy importante;Hace menos de 3 meses;Resto España;0;0;0;0;0;0;0;1;0;0;0;;;2,0;;;;1,0;3;;Por el valor histórico;Que sea Patrimonio Mundial;Por su belleza;9;10 Totalmente necesario;10 Totalmente necesario;9;10 Totalmente necesario;10 Totalmente necesario;10 Totalmente necesario;7;Tradiciones;Sí;Sí;Sí;No;No;Sí;No;No;Sí;Hace 1 mes o menos;Hace entre 1 y 5 años;No estoy interesado;No estoy interesado;No lo conozco, pero soy curioso y me podría interesar;;;Hace 1 año, pero menos de 5;;10 Estoy muy de acuerdo;4;9;9;9;7;4;6;;;9;;;7;No sé, considero que el actual gobierno de la Comunidad de Madrid no está especialmente interesado en fomentar ni proteger la cultura;Trabajo;No;Muy superiores (más del doble);;;
Mobile;Femenino;37;35_44;Segundo Grado. 2º Ciclo (FP Iº y IIº, Bachiller superior, BUP, 3º y 4º de ESO (2º ciclo) COU, PREU, 1º y 2º Bachillerato;Madrid Capital;;Latina;;1;1;1;0;1;0;0;0;0;1;0;0;0;0;0;;10 Me interesa muchísimo;2;7;6;7;7;8;7;5;7;5;4;6;5;9;De 3 meses a menos de 1 año;Resto España;0;0;0;0;0;0;0;1;0;0;0;;;;;;;1,0;;;Por el valor histórico;;;7;8;7;0 Nada necesario;8;8;7;7;Las costumbres;Sí;Sí;No;No;No;Sí;Sí;Sí;No;Hace entre 1 y 5 años;Hace más de 1 mes, pero menos de 1 año;No estoy interesado;Sí, soy aficionado;No estoy interesado;;;Hace más de 5 años;Nunca;8;8;8;8;8;8;7;;;;8;5;5;;Ninguno;Trabajo;No;Inferiores;;;
Mobile;Femenino;62;55_64;Segundo Grado. 2º Ciclo (FP Iº y IIº, Bachiller superior, BUP, 3º y 4º de ESO (2º ciclo) COU, PREU, 1º y 2º Bachillerato;Madrid Sur;Valdemoro;;50.001-100.000;0;0;0;1;0;0;0;0;0;1;0;0;0;1;0;;3;8;3;8;5;0 No me interesa en absoluto;0 No me interesa en absoluto;2;0 No me interesa en absoluto;0 No me interesa en absoluto;7;5;0 No me interesa en absoluto;0 No me interesa en absoluto;10 Es muy importante;De 1 a 3 años;Madrid capital;0;0;0;0;0;0;0;1;0;0;0;;;;;;2;3,0;1;;Por su belleza;Que sea gratuito;Por el valor histórico;10 Totalmente necesario;7;5;0 Nada necesario;5;10 Totalmente necesario;3;5;No lo sé, algo que no es material;Sí;Sí;No;No;No;Sí;No;No;No;Nunca;Nunca;No estoy interesado;No estoy interesado;No estoy interesado;;;Hace 1 año, pero menos de 5;;5;2;5;7;5;10 Excelente fomento y protección;10 Excelente fomento y protección;;;;7;;;;No se me ocurre nada;Trabajo;Sí, tengo menores/s de edad a mi cargo;Alrededor de esa cifra;;;
Mobile;Masculino;57;55_64;Segundo Grado. 2º Ciclo (FP Iº y IIº, Bachiller superior, BUP, 3º y 4º de ESO (2º ciclo) COU, PREU, 1º y 2º Bachillerato;Madrid Capital;;Hortaleza;;0;0;1;1;0;0;0;0;0;0;0;1;0;1;0;;10 Me interesa muchísimo;8;7;10 Me interesa muchísimo;10 Me interesa muchísimo;4;6;7;0 No me interesa en absoluto;7;0 No me interesa en absoluto;6;4;0 No me interesa en absoluto;10 Es muy importante;De 3 meses a menos de 1 año;Resto España;0;0;0;0;0;1;0;0;0;1;0;1;;;;;2;3,0;;;Que esté cerca;Que sea gratuito;Por el valor histórico;10 Totalmente necesario;10 Totalmente necesario;10 Totalmente necesario;10 Totalmente necesario;10 Totalmente necesario;10 Totalmente necesario;10 Totalmente necesario;10 Está muy bien conservado;bienes culturales publicos;Sí;Sí;Sí;No;No;Sí;No;Sí;No;Hace más de 1 mes, pero menos de 1 año;Hace más de 5 años;No lo conozco, pero soy curioso y me podría interesar;No lo conozco, pero soy curioso y me podría interesar;No lo conozco, pero soy curioso y me podría interesar;;;Hace más de 5 años;;10 Estoy muy de acuerdo;10 Estoy muy de acuerdo;6;10 Estoy muy de acuerdo;5;8;10 Excelente fomento y protección;4;;;10 Excelente fomento y protección;;7;;fiestas del P.C.E;Trabajo;No;Superiores;;;
Mobile;Masculino;52;45_54;Licenciatura, Grado. 2º Ciclo (Universitarios, Licenciados superior, Facultades, Escuelas técnicas superiores, etc;Madrid Este;Coslada;;50.001-100.000;0;0;0;0;0;0;0;1;0;0;0;0;0;0;1;Ninguno;4;3;5;4;5;3;5;3;2;5;2;2;2;3;7;De 1 a 3 años;Resto España;0;0;0;0;0;0;0;1;0;0;0;;;;;2,0;1;3,0;;;Que sea gratuito;Que me lo hayan recomendado;Por el valor histórico;3;2;3;3;3;3;3;3;No lo sé;No;No;No;No;No;No;No;No;No;Nunca;Nunca;No estoy interesado;No estoy interesado;No estoy interesado;;;;;3;3;3;5;2;;;;;;;;;;Todos;Trabajo;Sí, tengo menores/s de edad a mi cargo;Alrededor de esa cifra;1,0;;
Desktop;Masculino;50;45_54;Segundo Grado. 2º Ciclo (FP Iº y IIº, Bachiller superior, BUP, 3º y 4º de ESO (2º ciclo) COU, PREU, 1º y 2º Bachillerato;Madrid Capital;;Chamberí;;1;0;1;0;0;0;0;0;1;0;0;0;0;0;0;;7;8;7;8;8;2;8;8;7;7;3;4;6;7;8;Hace menos de 3 meses;Madrid capital;0;1;0;0;0;0;0;0;0;0;0;;;;;;2;3,0;1;;Por su belleza;Que sea gratuito;Por el valor histórico;6;6;7;7;6;7;6;8;El que no se puede tocar;No;No;No;No;No;Sí;No;No;No;Nunca;Nunca;No estoy interesado;No estoy interesado;No estoy interesado;;;En el último año;;8;4;6;7;7;;;;;;7;;;;Ahora mismo no se me ocurre ninguno;Trabajo;No;Superiores;;;
Desktop;Femenino;43;35_44;Segundo Grado. 2º Ciclo (FP Iº y IIº, Bachiller superior, BUP, 3º y 4º de ESO (2º ciclo) COU, PREU, 1º y 2º Bachillerato;Madrid Oeste;Guadarrama;;10.001-20.000;0;0;0;1;0;0;1;0;0;1;0;1;0;1;0;;10 Me interesa muchísimo;6;9;9;9;9;10 Me interesa muchísimo;9;10 Me interesa muchísimo;7;10 Me interesa muchísimo;7;6;9;10 Es muy importante;De 3 meses a menos de 1 año;Resto España;1;0;1;0;0;0;0;1;0;0;0;;;;;;1;3,0;;2,0;Que sea gratuito;Que forme parte de una tradición con la que me identifique;Por el valor histórico;7;10 Totalmente necesario;9;2;9;9;10 Totalmente necesario;7;Todo lo nuestro, las costumbres y tradiciones;Sí;Sí;Sí;No;No;Sí;No;Sí;No;Hace entre 1 y 5 años;Hace 1 mes o menos;Estoy interesado y me gustaría que hubiera más actividades relacionadas;No lo conozco, pero soy curioso y me podría interesar;No lo conozco, pero soy curioso y me podría interesar;;;En el último año;;10 Estoy muy de acuerdo;10 Estoy muy de acuerdo;10 Estoy muy de acuerdo;10 Estoy muy de acuerdo;10 Estoy muy de acuerdo;10 Excelente fomento y protección;10 Excelente fomento y protección;10 Excelente fomento y protección;;;10 Excelente fomento y protección;;10 Excelente fomento y protección;;La zarzuela;Trabajo;Sí, tengo menores/s de edad a mi cargo;Alrededor de esa cifra;1,0;;
Mobile;Femenino;51;45_54;Licenciatura, Grado. 2º Ciclo (Universitarios, Licenciados superior, Facultades, Escuelas técnicas superiores, etc;Madrid Capital;;Latina;;1;1;0;1;0;0;1;0;1;1;0;0;0;1;0;;8;8;7;7;8;7;8;7;3;7;8;8;5;6;9;De 1 a 3 años;Extranjero;0;1;0;0;0;0;0;1;0;0;0;;;3,0;;;;1,0;2;;Por el valor histórico;Por su belleza;Que sea Patrimonio Mundial;6;7;6;5;7;7;6;6;Que pertenece a todas las personas y no tiene por qué ser algo físico;Sí;Sí;Sí;Sí;No;Sí;No;Sí;No;Hace 1 mes o menos;Hace más de 5 años;No estoy interesado;No lo conozco, pero soy curioso y me podría interesar;No lo conozco, pero soy curioso y me podría interesar;Nunca;;Hace 1 año, pero menos de 5;;9;5;8;8;8;7;9;5;5;;8;;5;;El arte urbano;Trabajo;No;Alrededor de esa cifra;;;
Desktop;Masculino;56;55_64;Tercer Grado (Máster);Madrid Capital;;Centro;;0;0;0;1;1;1;1;0;1;1;1;1;1;1;0;;8;9;0 No me interesa en absoluto;10 Me interesa muchísimo;9;5;9;9;8;9;8;8;9;9;10 Es muy importante;Hace menos de 3 meses;Madrid capital;0;0;0;0;0;0;0;1;0;0;0;;;;;;;2,0;3;1,0;Que forme parte de una tradición con la que me identifique;Por el valor histórico;Por su belleza;6;6;6;6;6;6;6;8;si;No;Sí;Sí;No;No;Sí;No;Sí;No;Hace 1 mes o menos;Hace más de 5 años;Sí, soy aficionado;Sí, soy aficionado;No lo conozco, pero soy curioso y me podría interesar;;;En el último año;;8;0 No estoy de acuerdo en absoluto;7;9;7;;10 Excelente fomento y protección;9;;;10 Excelente fomento y protección;;9;;pendiente;Trabajo;No;Bastante inferiores (menos de la mitad);;;
Mobile;Femenino;48;45_54;Licenciatura, Grado. 2º Ciclo (Universitarios, Licenciados superior, Facultades, Escuelas técnicas superiores, etc;Madrid Este;Alcalá de Henares;;100.001-500.000;0;0;0;1;0;0;0;0;0;1;1;1;0;0;0;;10 Me interesa muchísimo;9;9;10 Me interesa muchísimo;9;0 No me interesa en absoluto;5;7;0 No me interesa en absoluto;6;4;4;4;1;10 Es muy importante;De 3 meses a menos de 1 año;Resto España;0;0;0;1;0;0;0;0;0;0;0;2;;;;3,0;;;1;;Por su belleza;Que esté cerca;Que me lo hayan recomendado;10 Totalmente necesario;10 Totalmente necesario;9;8;10 Totalmente necesario;10 Totalmente necesario;8;9;Que son actuaciones, representaciones,...algo no tangible;Sí;Sí;No;No;No;Sí;No;No;No;Nunca;Nunca;No lo conozco, pero soy curioso y me podría interesar;No lo conozco, pero soy curioso y me podría interesar;No lo conozco, pero soy curioso y me podría interesar;;;Hace más de 5 años;;9;5;10 Estoy muy de acuerdo;9;8;6;9;;;;10 Excelente fomento y protección;;;;Música en general;Trabajo;No;Alrededor de esa cifra;1,0;;
Desktop;Masculino;55;55_64;Segundo Grado. 1er Ciclo (Graduado escolar, o EGB 2ª etapa, 1º y 2º ESO-1er ciclo- hasta 14 años);Madrid Sur;Arroyomolinos;;20.001-50.000;0;0;1;0;0;0;1;0;1;1;0;1;0;0;0;;2;6;7;2;5;5;8;8;7;9;6;4;3;9;10 Es muy importante;Hace menos de 3 meses;Resto España;0;0;0;0;0;0;0;1;0;0;0;;;;2,0;;1;;;3,0;Que sea gratuito;Que aparezca en las guías;Que forme parte de una tradición con la que me identifique;8;4;7;8;2;8;10 Totalmente necesario;7;tradiciones;Sí;Sí;No;No;Sí;Sí;No;No;No;Hace más de 1 mes, pero menos de 1 año;Hace más de 1 mes, pero menos de 1 año;No lo conozco, pero soy curioso y me podría interesar;No lo conozco, pero soy curioso y me podría interesar;No lo conozco, pero soy curioso y me podría interesar;;Hace 1 año, pero menos de 5;En el último año;;9;8;8;9;9;4;2;;;2;4;;;;fiestas patronales y platos regionales;Trabajo;No;Superiores;1,0;;
Mobile;Masculino;63;55_64;Segundo Grado. 1er Ciclo (Graduado escolar, o EGB 2ª etapa, 1º y 2º ESO-1er ciclo- hasta 14 años);Madrid Este;Torrejón de Ardoz;;100.001-500.000;1;0;1;1;0;0;0;0;0;0;1;0;0;0;0;;7;7;6;6;8;2;7;7;6;7;7;6;4;7;8;Hace menos de 3 meses;Resto España;1;0;0;0;0;0;0;0;0;0;0;;;;;3,0;1;;2;;Que sea gratuito;Por su belleza;Que me lo hayan recomendado;6;6;6;6;5;8;6;7;Un patrimonio que no se puede tocar;Sí;Sí;Sí;No;No;Sí;No;No;No;Hace más de 1 mes, pero menos de 1 año;Hace entre 1 y 5 años;No estoy interesado;No estoy interesado;No lo conozco, pero soy curioso y me podría interesar;;;Nunca;;7;7;8;7;7;6;5;5;;;7;;;;No se;Otra situación;No;Alrededor de esa cifra;1,0;;
Desktop;Femenino;33;25_34;Tercer Grado (Máster);Madrid Capital;;Carabanchel;;1;1;1;1;0;0;0;0;1;1;0;0;1;0;0;;7;3;3;6;4;2;3;2;2;3;2;2;4;7;8;De 3 meses a menos de 1 año;Extranjero;1;0;1;0;0;0;0;0;0;0;0;;;3,0;;;2;1,0;;;Por el valor histórico;Que sea gratuito;Que sea Patrimonio Mundial;4;5;5;5;5;5;4;6;patrimonio no tangible;Sí;Sí;No;Sí;Sí;Sí;No;Sí;No;Hace más de 5 años;Hace más de 5 años;No lo conozco, pero soy curioso y me podría interesar;No estoy interesado;No estoy interesado;Nunca;Nunca;En el último año;;4;5;4;5;4;5;1;;5;4;2;;1;;todos los relacionados con la musica;Trabajo;No;Alrededor de esa cifra;;;
Mobile;Masculino;33;25_34;Segundo Grado. 2º Ciclo (FP Iº y IIº, Bachiller superior, BUP, 3º y 4º de ESO (2º ciclo) COU, PREU, 1º y 2º Bachillerato;Madrid Norte;Tres Cantos;;20.001-50.000;0;1;0;1;0;0;0;0;1;0;0;0;0;1;0;;7;7;7;8;9;6;8;9;6;9;6;7;6;6;9;Hace menos de 3 meses;Resto España;1;0;0;0;0;0;0;1;0;0;0;;;;;;2;1,0;3;;Por el valor histórico;Que sea gratuito;Por su belleza;8;7;9;7;8;9;8;8;Mmm... No se yo... Sin materia no hay patrimonio real;Sí;Sí;Sí;No;No;Sí;No;No;Sí;Hace 1 mes o menos;Nunca;No lo conozco, pero soy curioso y me podría interesar;No lo conozco, pero soy curioso y me podría interesar;Estoy interesado y me gustaría que hubiera más actividades relacionadas;;;Nunca;;9;8;9;9;6;7;8;5;;;6;;;3;La literatura;Trabajo;No;Inferiores;1,0;1,0;1,0
Desktop;Masculino;36;35_44;Licenciatura, Grado. 2º Ciclo (Universitarios, Licenciados superior, Facultades, Escuelas técnicas superiores, etc;Madrid Sur;Móstoles;;100.001-500.000;1;1;1;1;1;1;1;0;1;1;0;0;0;0;0;;9;9;6;8;9;7;10 Me interesa muchísimo;10 Me interesa muchísimo;3;10 Me interesa muchísimo;9;10 Me interesa muchísimo;8;9;10 Es muy importante;Hace menos de 3 meses;Resto España;0;0;1;1;0;0;0;1;0;0;0;;;;;;;1,0;2;;Por el valor histórico;Por su belleza;;10 Totalmente necesario;10 Totalmente necesario;10 Totalmente necesario;10 Totalmente necesario;10 Totalmente necesario;10 Totalmente necesario;10 Totalmente necesario;7;Patrimonio que no es tangible, una fiesta, un concepto, una costumbre;Sí;Sí;Sí;No;No;Sí;No;No;No;Hace entre 1 y 5 años;Nunca;Sí, soy aficionado;No lo conozco, pero soy curioso y me podría interesar;No lo conozco, pero soy curioso y me podría interesar;;;Hace 1 año, pero menos de 5;;8;7;8;6;7;8;5;4;;;7;;;;No lo sé;Trabajo;Sí, tengo persona/s mayor/es, persona/s con discapacidad o en situación de dependencia;Alrededor de esa cifra;1,0;;
Mobile;Femenino;27;25_34;Licenciatura, Grado. 2º Ciclo (Universitarios, Licenciados superior, Facultades, Escuelas técnicas superiores, etc;Madrid Capital;;Puente de Vallecas;;0;0;1;1;0;0;0;0;0;1;0;0;0;1;0;;8;7;4;6;9;2;6;7;7;8;6;7;5;7;8;De 1 a 3 años;Extranjero;0;0;0;0;0;0;0;1;0;0;0;2;;;;;3;;1;;Por su belleza;Que esté cerca;Que sea gratuito;6;7;6;0 Nada necesario;7;7;8;8;Patrimonio natural;Sí;Sí;No;No;No;Sí;No;No;No;Hace entre 1 y 5 años;Nunca;No estoy interesado;No lo conozco, pero soy curioso y me podría interesar;No lo conozco, pero soy curioso y me podría interesar;;;Hace 1 año, pero menos de 5;;8;6;7;5;7;7;6;;;;8;;;;No sé;Trabajo;No;Alrededor de esa cifra;;;
Desktop;Femenino;29;25_34;Licenciatura, Grado. 2º Ciclo (Universitarios, Licenciados superior, Facultades, Escuelas técnicas superiores, etc;Madrid Capital;;Villa de Vallecas;;1;1;1;1;1;1;1;0;1;1;0;0;0;0;0;;8;8;1;7;7;9;10 Me interesa muchísimo;9;1;8;6;1;1;7;10 Es muy importante;De 3 meses a menos de 1 año;Resto España;0;0;0;0;0;0;0;1;0;0;0;;;3,0;;1,0;;;2;;Que me lo hayan recomendado;Por su belleza;Que sea Patrimonio Mundial;10 Totalmente necesario;10 Totalmente necesario;10 Totalmente necesario;10 Totalmente necesario;10 Totalmente necesario;10 Totalmente necesario;10 Totalmente necesario;8;rituales, actos que se han quedado de la antiguedad;Sí;Sí;No;No;Sí;Sí;No;No;No;Hace más de 1 mes, pero menos de 1 año;Hace 1 mes o menos;No lo conozco, pero soy curioso y me podría interesar;No lo conozco, pero soy curioso y me podría interesar;No lo conozco, pero soy curioso y me podría interesar;;Hace más de 5 años;En el último año;;9;9;9;9;9;10 Excelente fomento y protección;9;;;9;9;;;;No lo sé;Trabajo;No;Superiores;;;
Mobile;Masculino;22;18_24;Segundo Grado. 2º Ciclo (FP Iº y IIº, Bachiller superior, BUP, 3º y 4º de ESO (2º ciclo) COU, PREU, 1º y 2º Bachillerato;Madrid Sur;Pinto;;20.001-50.000;0;1;1;0;0;0;1;0;0;1;1;1;0;1;0;;7;7;3;6;7;5;7;7;6;7;5;4;5;8;9;De 3 meses a menos de 1 año;Resto España;0;0;0;0;0;0;0;0;0;1;0;;;;;1,0;;;2;;Que me lo hayan recomendado;Por su belleza;;5;8;7;4;6;9;5;7;La gente, las costumbres , cosas no materiales de un sitio;Sí;Sí;No;No;No;Sí;Sí;No;No;Hace más de 1 mes, pero menos de 1 año;Hace más de 1 mes, pero menos de 1 año;No estoy interesado;No estoy interesado;Estoy interesado y me gustaría que hubiera más actividades relacionadas;;;En el último año;Nunca;7;8;5;6;5;7;2;;;;8;6;;;No lo se;Parado/a y he trabajado antes;No;Alrededor de esa cifra;1,0;;
Mobile;Femenino;56;55_64;Segundo Grado. 2º Ciclo (FP Iº y IIº, Bachiller superior, BUP, 3º y 4º de ESO (2º ciclo) COU, PREU, 1º y 2º Bachillerato;Madrid Capital;;Ciudad Lineal;;1;0;1;1;0;0;0;0;1;1;0;0;0;1;0;;7;6;5;6;8;8;7;8;6;5;7;7;7;7;7;De 3 meses a menos de 1 año;Madrid capital;0;1;0;0;0;0;0;0;0;0;0;;;2,0;;;;1,0;3;;Por el valor histórico;Que sea Patrimonio Mundial;Por su belleza;7;7;7;7;7;7;7;10 Está muy bien conservado;Es lo que hemos heredado de nuestros antepasados. Lo que nos han ido contando o enseñando;No;Sí;No;No;No;Sí;No;No;No;Hace 1 mes o menos;Nunca;No lo conozco, pero soy curioso y me podría interesar;No estoy interesado;No estoy interesado;;;En el último año;;7;9;7;10 Estoy muy de acuerdo;10 Estoy muy de acuerdo;;10 Excelente fomento y protección;;;;10 Excelente fomento y protección;;;;Se ha ido perdiendo todo el trabajo artesanal que se hacía en los pueblos;Trabajo doméstico no remunerado;No;Superiores;;;
Mobile;Femenino;29;25_34;Tercer Grado. 1er Ciclo (Equivalente a Ingeniero técnico, 3 años, Escuelas universitarias, Ingenieros técnicos, Arquitec;Madrid Capital;;Villaverde;;0;0;1;1;1;0;0;0;1;0;0;0;0;1;0;;10 Me interesa muchísimo;6;8;8;9;0 No me interesa en absoluto;6;6;3;10 Me interesa muchísimo;7;4;4;5;9;Hace menos de 3 meses;Madrid capital;0;0;0;0;0;1;0;0;0;0;1;;;;;;3;2,0;1;;Por su belleza;Por el valor histórico;Que sea gratuito;6;8;8;4;7;7;6;8;Patrimonio que no tenga un objeto o lugar físico, por ejemplo canciones o cuentos populares;Sí;Sí;Sí;No;No;No;No;No;No;Nunca;Nunca;No lo conozco, pero soy curioso y me podría interesar;No lo conozco, pero soy curioso y me podría interesar;No lo conozco, pero soy curioso y me podría interesar;;;;;6;5;6;5;6;6;5;2;;;;;;;Cualquier cosa que no sea la tauromaquia La tauromaquia debería morir;Estudio;No;Superiores;;;
Desktop;Masculino;51;45_54;Licenciatura, Grado. 2º Ciclo (Universitarios, Licenciados superior, Facultades, Escuelas técnicas superiores, etc;Madrid Sur;Parla;;100.001-500.000;1;1;1;1;1;1;1;0;1;1;0;0;1;1;0;;9;9;9;9;9;8;9;9;5;9;8;8;7;8;9;De 3 meses a menos de 1 año;Resto España;0;0;0;1;0;0;0;0;0;0;0;;;;;1,0;;2,0;3;;Que me lo hayan recomendado;Por el valor histórico;Por su belleza;9;9;9;0 Nada necesario;9;9;9;8;Tradiciones culturales;Sí;Sí;No;No;No;Sí;No;No;No;Hace 1 mes o menos;Hace entre 1 y 5 años;Estoy interesado y me gustaría que hubiera más actividades relacionadas;Estoy interesado y me gustaría que hubiera más actividades relacionadas;No lo conozco, pero soy curioso y me podría interesar;;;En el último año;;9;8;9;5;9;3;5;;;;5;;;;no sé;Trabajo;No;Superiores;1,0;;
Mobile;Femenino;26;25_34;Segundo Grado. 2º Ciclo (FP Iº y IIº, Bachiller superior, BUP, 3º y 4º de ESO (2º ciclo) COU, PREU, 1º y 2º Bachillerato;Madrid Capital;;San Blas-Canillejas;;1;0;1;1;1;0;1;0;1;0;1;0;0;1;0;;6;6;1;3;8;5;3;7;5;9;2;2;2;6;7;Hace menos de 3 meses;Madrid capital;0;0;0;0;0;1;0;0;0;0;0;;;;;2,0;;3,0;1;;Por su belleza;Que me lo hayan recomendado;Por el valor histórico;5;8;7;6;5;7;No lo sé / Prefiero no contestar;6;Algo que no se puede tocar: un tipo de baile o música.;Sí;No;No;No;No;Sí;No;No;No;Hace más de 1 mes, pero menos de 1 año;Nunca;No lo conozco, pero soy curioso y me podría interesar;No lo conozco, pero soy curioso y me podría interesar;No lo conozco, pero soy curioso y me podría interesar;;;Hace más de 5 años;;7;3;2;7;4;5;;;;;5;;;;No sé.;Trabajo;No;Muy superiores (más del doble);;;
Mobile;Masculino;74;65_+;Segundo Grado. 2º Ciclo (FP Iº y IIº, Bachiller superior, BUP, 3º y 4º de ESO (2º ciclo) COU, PREU, 1º y 2º Bachillerato;Madrid Capital;;Carabanchel;;0;0;1;1;0;0;0;0;0;0;0;1;0;0;0;;7;5;5;7;5;0 No me interesa en absoluto;8;8;5;5;7;8;5;7;7;Hace más de 3 años;Extranjero;1;0;0;0;0;0;0;0;0;0;0;;;;;1,0;;;;;Que me lo hayan recomendado;;;7;7;7;7;7;7;7;6;No se;No;No;No;No;No;Sí;No;No;No;Nunca;Nunca;No estoy interesado;No lo conozco, pero soy curioso y me podría interesar;No lo conozco, pero soy curioso y me podría interesar;;;En el último año;;5;5;5;5;5;;;;;;7;;;;No recuerdo;Jubilado/a o pensionista (anteriormente he trabajado);No;Alrededor de esa cifra;;;
Mobile;Femenino;34;25_34;Licenciatura, Grado. 2º Ciclo (Universitarios, Licenciados superior, Facultades, Escuelas técnicas superiores, etc;Madrid Capital;;Fuencarral-El Pardo;;1;1;1;1;1;0;1;0;1;1;0;1;0;1;0;;9;8;6;7;9;7;7;7;5;7;6;6;6;8;9;Hace menos de 3 meses;Madrid capital;1;0;0;0;0;0;0;0;0;0;0;;;;;3,0;;1,0;2;;Por el valor histórico;Por su belleza;Que me lo hayan recomendado;9;9;8;7;7;10 Totalmente necesario;8;8;Que no tiene que ver con algo fisico sino mas bien cultural de cada pais;Sí;Sí;Sí;No;No;Sí;Sí;No;No;Hace entre 1 y 5 años;Hace entre 1 y 5 años;No lo conozco, pero soy curioso y me podría interesar;No lo conozco, pero soy curioso y me podría interesar;No lo conozco, pero soy curioso y me podría interesar;;;En el último año;Hace 1 año, pero menos de 5;7;7;9;8;8;10 Excelente fomento y protección;8;5;;;8;5;;;Comida tipicas y tradicionales;Trabajo;No;Alrededor de esa cifra;;;
Mobile;Femenino;40;35_44;Licenciatura, Grado. 2º Ciclo (Universitarios, Licenciados superior, Facultades, Escuelas técnicas superiores, etc;Madrid Oeste;Collado Villalba;;50.001-100.000;1;1;0;0;0;0;1;0;1;1;0;0;1;1;0;;6;7;9;7;8;9;9;9;7;8;5;6;9;9;9;Hace menos de 3 meses;Resto España;0;0;0;1;0;0;0;1;0;0;0;;;;;;1;2,0;;3,0;Que sea gratuito;Por el valor histórico;Que forme parte de una tradición con la que me identifique;9;9;8;6;7;9;8;6;Una idea que se prolonga a lo largo del tiempo que refleja la herencia cultural;Sí;Sí;Sí;No;No;Sí;No;No;No;Hace 1 mes o menos;Hace entre 1 y 5 años;No estoy interesado;No estoy interesado;No estoy interesado;;;Hace más de 5 años;;6;9;7;9;8;3;7;5;;;7;;;;Gastronomía;Trabajo;No;Superiores;1,0;;
Mobile;Masculino;53;45_54;Segundo Grado. 2º Ciclo (FP Iº y IIº, Bachiller superior, BUP, 3º y 4º de ESO (2º ciclo) COU, PREU, 1º y 2º Bachillerato;Madrid Capital;;Villaverde;;1;0;1;1;0;0;0;0;1;1;0;1;0;1;0;;9;9;10 Me interesa muchísimo;9;9;7;9;9;5;9;8;7;8;7;10 Es muy importante;De 3 meses a menos de 1 año;Resto España;0;0;0;0;0;0;0;1;0;0;0;3;;;;;;2,0;1;;Por su belleza;Por el valor histórico;Que esté cerca;9;10 Totalmente necesario;9;9;10 Totalmente necesario;10 Totalmente necesario;9;8;un patrimonio que no se puede tocar físicamente;Sí;Sí;Sí;No;No;Sí;No;No;No;Hace más de 1 mes, pero menos de 1 año;Nunca;No lo conozco, pero soy curioso y me podría interesar;No lo conozco, pero soy curioso y me podría interesar;No lo conozco, pero soy curioso y me podría interesar;;;Hace más de 5 años;;10 Estoy muy de acuerdo;0 No estoy de acuerdo en absoluto;10 Estoy muy de acuerdo;10 Estoy muy de acuerdo;9;8;5;5;;;7;;;;no se;Trabajo;No;Superiores;;;
Desktop;Femenino;43;35_44;Tercer Grado (Máster);Madrid Capital;;Latina;;1;0;1;1;1;1;0;0;1;1;1;1;1;1;0;;9;9;9;9;10 Me interesa muchísimo;9;9;9;8;8;9;9;7;9;10 Es muy importante;Hace menos de 3 meses;Resto España;0;0;0;0;0;0;0;1;0;0;0;;;3,0;;1,0;;;2;;Que me lo hayan recomendado;Por su belleza;Que sea Patrimonio Mundial;10 Totalmente necesario;8;10 Totalmente necesario;9;10 Totalmente necesario;10 Totalmente necesario;10 Totalmente necesario;7;los bienes intangibles: costumbres, legado inmaterial, ...;Sí;Sí;Sí;No;No;Sí;No;Sí;No;Hace entre 1 y 5 años;Hace entre 1 y 5 años;Estoy interesado y me gustaría que hubiera más actividades relacionadas;No lo conozco, pero soy curioso y me podría interesar;No lo conozco, pero soy curioso y me podría interesar;;;Hace 1 año, pero menos de 5;;10 Estoy muy de acuerdo;8;10 Estoy muy de acuerdo;10 Estoy muy de acuerdo;10 Estoy muy de acuerdo;10 Excelente fomento y protección;10 Excelente fomento y protección;10 Excelente fomento y protección;;;10 Excelente fomento y protección;;10 Excelente fomento y protección;;Hay muchos, en cada rincón de la comunidad: fiestas y tradiciones patronales, ...;Trabajo;No;Superiores;;;
Desktop;Masculino;75;65_+;Primer Grado (Certificado escolar, EGB 1ª etapa, más o menos 10 años);Madrid Capital;;Villa de Vallecas;;0;0;0;1;0;0;0;0;0;0;0;1;0;1;0;;6;5;1;4;8;10 Me interesa muchísimo;3;5;5;5;7;6;3;3;10 Es muy importante;Hace más de 3 años;Resto España;1;0;0;0;0;1;0;0;0;0;0;1;;;;;3;2,0;;;Que esté cerca;Por el valor histórico;Que sea gratuito;8;6;6;4;6;9;9;10 Está muy bien conservado;me dice poco;Sí;Sí;Sí;No;No;Sí;No;No;No;Hace 1 mes o menos;Hace más de 5 años;No estoy interesado;No estoy interesado;No estoy interesado;;;Hace 1 año, pero menos de 5;;8;8;8;7;7;5;5;2;;;6;;;;sus fiestas en general;Jubilado/a o pensionista (anteriormente he trabajado);No;Alrededor de esa cifra;;;
Desktop;Masculino;65;65_+;Licenciatura, Grado. 2º Ciclo (Universitarios, Licenciados superior, Facultades, Escuelas técnicas superiores, etc;Madrid Capital;;Arganzuela;;1;0;1;1;1;1;1;0;1;1;1;1;1;1;0;;10 Me interesa muchísimo;10 Me interesa muchísimo;8;10 Me interesa muchísimo;10 Me interesa muchísimo;0 No me interesa en absoluto;10 Me interesa muchísimo;10 Me interesa muchísimo;5;10 Me interesa muchísimo;10 Me interesa muchísimo;8;6;8;10 Es muy importante;Hace menos de 3 meses;Extranjero;0;0;1;0;0;0;0;0;0;0;0;;;1,0;;;;2,0;3;;Que sea Patrimonio Mundial;Por el valor histórico;Por su belleza;9;10 Totalmente necesario;10 Totalmente necesario;10 Totalmente necesario;10 Totalmente necesario;10 Totalmente necesario;10 Totalmente necesario;6;Tradiciones y representaciones artísticas de todo tipo;Sí;Sí;Sí;Sí;No;Sí;No;No;No;Nunca;Nunca;Estoy interesado y me gustaría que hubiera más actividades relacionadas;No estoy interesado;No lo conozco, pero soy curioso y me podría interesar;Nunca;;Hace más de 5 años;;9;5;9;8;9;7;5;7;7;;8;;;;La cultura en general y la educación que la tienen masacrada;Jubilado/a o pensionista (anteriormente he trabajado);No;Muy superiores (más del doble);;;
Mobile;Femenino;59;55_64;Licenciatura, Grado. 2º Ciclo (Universitarios, Licenciados superior, Facultades, Escuelas técnicas superiores, etc;Madrid Capital;;Usera;;1;1;0;0;0;0;1;0;0;1;0;0;0;1;0;;9;8;8;9;7;8;8;9;9;8;2;5;8;9;10 Es muy importante;De 3 meses a menos de 1 año;Resto Comunidad de Madrid;0;0;0;0;0;0;0;1;0;0;0;;;3,0;;;;2,0;1;;Por su belleza;Por el valor histórico;Que sea Patrimonio Mundial;9;9;9;8;10 Totalmente necesario;10 Totalmente necesario;9;7;Lo que no son inmuebles, costumbres, recetas...;Sí;Sí;Sí;No;No;Sí;No;Sí;No;Hace más de 1 mes, pero menos de 1 año;Hace más de 1 mes, pero menos de 1 año;No estoy interesado;Estoy interesado y me gustaría que hubiera más actividades relacionadas;No lo conozco, pero soy curioso y me podría interesar;;;En el último año;;10 Estoy muy de acuerdo;5;8;9;8;7;5;3;;;10 Excelente fomento y protección;;6;;Museo etnografico;Trabajo;No;Superiores;;;
Mobile;Femenino;45;45_54;Segundo Grado. 2º Ciclo (FP Iº y IIº, Bachiller superior, BUP, 3º y 4º de ESO (2º ciclo) COU, PREU, 1º y 2º Bachillerato;Madrid Este;Alcalá de Henares;;100.001-500.000;0;0;1;1;1;1;1;0;1;1;0;0;0;1;0;;10 Me interesa muchísimo;10 Me interesa muchísimo;9;10 Me interesa muchísimo;10 Me interesa muchísimo;10 Me interesa muchísimo;10 Me interesa muchísimo;10 Me interesa muchísimo;6;9;10 Me interesa muchísimo;10 Me interesa muchísimo;10 Me interesa muchísimo;9;10 Es muy importante;De 3 meses a menos de 1 año;Resto Comunidad de Madrid;1;0;0;0;0;0;0;0;0;0;0;;;;;;2;1,0;3;;Por el valor histórico;Que sea gratuito;Por su belleza;10 Totalmente necesario;8;10 Totalmente necesario;7;10 Totalmente necesario;10 Totalmente necesario;10 Totalmente necesario;7;No se;Sí;No;Sí;No;No;Sí;No;No;No;Hace 1 mes o menos;Hace entre 1 y 5 años;Estoy interesado y me gustaría que hubiera más actividades relacionadas;Estoy interesado y me gustaría que hubiera más actividades relacionadas;No lo conozco, pero soy curioso y me podría interesar;;;Hace 1 año, pero menos de 5;;10 Estoy muy de acuerdo;10 Estoy muy de acuerdo;10 Estoy muy de acuerdo;10 Estoy muy de acuerdo;10 Estoy muy de acuerdo;0 Escaso fomento y protección;;5;;;10 Excelente fomento y protección;;;;No se;Otra situación;Sí, tengo menores/s de edad a mi cargo;Superiores;1,0;;
Mobile;Femenino;52;45_54;Tercer Grado (Máster);Madrid Capital;;Hortaleza;;1;0;1;0;1;0;1;0;1;0;0;0;0;1;0;;6;5;4;9;8;4;10 Me interesa muchísimo;9;8;7;5;3;2;7;10 Es muy importante;De 3 meses a menos de 1 año;Resto España;1;1;0;0;0;0;0;0;0;0;0;2;;;;;3;;1;;Por su belleza;Que esté cerca;Que sea gratuito;6;4;5;3;6;6;5;6;Algo que no es material;Sí;Sí;Sí;No;No;Sí;No;No;No;Hace 1 mes o menos;Hace entre 1 y 5 años;No estoy interesado;No lo conozco, pero soy curioso y me podría interesar;No lo conozco, pero soy curioso y me podría interesar;;;En el último año;;7;7;7;8;6;8;6;4;;;7;;;;La fiestas de la almudena;Trabajo doméstico no remunerado;Sí, tengo menores/s de edad a mi cargo;Muy superiores (más del doble);;;
Mobile;Femenino;38;35_44;Segundo Grado. 2º Ciclo (FP Iº y IIº, Bachiller superior, BUP, 3º y 4º de ESO (2º ciclo) COU, PREU, 1º y 2º Bachillerato;Madrid Sur;Fuenlabrada;;100.001-500.000;0;0;0;0;0;1;1;0;1;0;0;0;0;0;0;;10 Me interesa muchísimo;7;8;9;10 Me interesa muchísimo;9;8;10 Me interesa muchísimo;9;9;7;8;6;10 Me interesa muchísimo;10 Es muy importante;Hace menos de 3 meses;Resto España;1;0;0;0;0;0;0;1;0;0;0;;;;;;3;2,0;1;;Por su belleza;Por el valor histórico;Que sea gratuito;8;10 Totalmente necesario;10 Totalmente necesario;6;8;10 Totalmente necesario;10 Totalmente necesario;7;Tradiciones, dichos, festejos.. cosas no tangibles de la identidad de un pueblo.;Sí;Sí;Sí;Sí;No;Sí;No;Sí;No;Hace 1 mes o menos;Hace más de 1 mes, pero menos de 1 año;Estoy interesado y me gustaría que hubiera más actividades relacionadas;Estoy interesado y me gustaría que hubiera más actividades relacionadas;Estoy interesado y me gustaría que hubiera más actividades relacionadas;Nunca;;En el último año;;10 Estoy muy de acuerdo;6;5;10 Estoy muy de acuerdo;9;4;5;0 Escaso fomento y protección;0 Escaso fomento y protección;;6;;0 Escaso fomento y protección;;Encierros, la guerra de aguas de Vallecas;Trabajo;Sí, tengo menores/s de edad a mi cargo;Alrededor de esa cifra;1,0;;
Mobile;Femenino;45;45_54;Tercer Grado. 1er Ciclo (Equivalente a Ingeniero técnico, 3 años, Escuelas universitarias, Ingenieros técnicos, Arquitec;Madrid Capital;;Ciudad Lineal;;0;1;1;0;0;0;1;0;1;0;1;0;0;1;0;;8;7;6;8;6;10 Me interesa muchísimo;7;8;5;7;5;5;5;7;8;Hace menos de 3 meses;Extranjero;1;0;0;0;0;0;0;0;0;0;0;;;;;;2;3,0;1;;Por su belleza;Que sea gratuito;Por el valor histórico;8;6;6;6;5;8;6;8;Costumbres, pensamientos, refranes, profesiones, fiestas , folklore.Todo aquello de nuestro patrimonio no material;Sí;Sí;Sí;No;No;Sí;No;Sí;No;Hace 1 mes o menos;Hace 1 mes o menos;No lo conozco, pero soy curioso y me podría interesar;Estoy interesado y me gustaría que hubiera más actividades relacionadas;No lo conozco, pero soy curioso y me podría interesar;;;En el último año;;5;4;5;5;8;2;0 Escaso fomento y protección;0 Escaso fomento y protección;;;5;;0 Escaso fomento y protección;;Artesanía, vocabulario, fiestas populares de pueblos pequeños;Trabajo;No;Muy superiores (más del doble);;;
Desktop;Femenino;71;65_+;Tercer Grado. 1er Ciclo (Equivalente a Ingeniero técnico, 3 años, Escuelas universitarias, Ingenieros técnicos, Arquitec;Madrid Capital;;Retiro;;1;1;1;1;1;1;1;0;1;0;0;1;1;1;0;;8;8;6;8;8;8;8;9;4;7;9;8;9;7;9;Hace menos de 3 meses;Madrid capital;0;1;0;0;0;0;0;0;0;0;0;;;;;;;2,0;1;3,0;Por su belleza;Por el valor histórico;Que forme parte de una tradición con la que me identifique;7;8;8;8;8;8;7;7;Costumbres y tradiciones;Sí;Sí;Sí;Sí;No;Sí;No;No;No;Hace más de 1 mes, pero menos de 1 año;Hace 1 mes o menos;No lo conozco, pero soy curioso y me podría interesar;No lo conozco, pero soy curioso y me podría interesar;No lo conozco, pero soy curioso y me podría interesar;En el último año;;Hace 1 año, pero menos de 5;;8;6;7;6;6;9;9;7;8;;8;;;;Ninguno;Jubilado/a o pensionista (anteriormente he trabajado);No;Muy superiores (más del doble);;;
Mobile;Masculino;51;45_54;Segundo Grado. 1er Ciclo (Graduado escolar, o EGB 2ª etapa, 1º y 2º ESO-1er ciclo- hasta 14 años);Madrid Capital;;Carabanchel;;0;1;0;0;0;0;0;0;0;1;0;0;1;0;0;;8;6;5;6;6;5;6;6;5;7;5;5;5;7;8;Hace menos de 3 meses;Madrid capital;0;0;0;0;0;0;0;1;0;0;0;;;;;;3;2,0;1;;Por su belleza;Por el valor histórico;Que sea gratuito;7;7;7;6;6;7;5;5;Conceptos como por ejemplo la música;Sí;Sí;Sí;No;No;Sí;No;No;No;Hace 1 mes o menos;Hace más de 1 mes, pero menos de 1 año;No lo conozco, pero soy curioso y me podría interesar;No lo conozco, pero soy curioso y me podría interesar;Estoy interesado y me gustaría que hubiera más actividades relacionadas;;;Hace 1 año, pero menos de 5;;8;5;8;7;8;6;8;5;;;8;;;;Conciertos musica;Trabajo;Sí, tengo menores/s de edad a mi cargo;Alrededor de esa cifra;;;
Mobile;Femenino;22;18_24;Tercer Grado. 1er Ciclo (Equivalente a Ingeniero técnico, 3 años, Escuelas universitarias, Ingenieros técnicos, Arquitec;Madrid Capital;;Moncloa-Aravaca;;0;0;1;0;0;0;0;0;1;0;0;0;0;0;0;;6;10 Me interesa muchísimo;0 No me interesa en absoluto;6;7;7;10 Me interesa muchísimo;7;0 No me interesa en absoluto;10 Me interesa muchísimo;3;6;0 No me interesa en absoluto;8;10 Es muy importante;Hace menos de 3 meses;Resto Comunidad de Madrid;0;0;0;0;0;0;0;1;0;0;1;1;;;;;2;;3;;Que esté cerca;Que sea gratuito;Por su belleza;6;6;6;4;6;7;5;8;Danzas, platos traficionles, fiestas, ?;Sí;Sí;Sí;No;No;Sí;No;No;Sí;Hace 1 mes o menos;Nunca;No estoy interesado;No estoy interesado;No estoy interesado;;;Nunca;;8;7;9;8;9;7;8;3;;;7;;;0 Escaso fomento y protección;Todos los que no tengan que ver con el maltrato a un animal;Trabajo;Sí, tengo menores/s de edad a mi cargo;Superiores;;;
Mobile;Masculino;41;35_44;Licenciatura, Grado. 2º Ciclo (Universitarios, Licenciados superior, Facultades, Escuelas técnicas superiores, etc;Madrid Capital;;Retiro;;0;1;1;0;0;0;0;0;1;0;0;0;0;1;0;;9;5;5;7;8;0 No me interesa en absoluto;7;6;1;8;5;4;3;9;10 Es muy importante;De 3 meses a menos de 1 año;Extranjero;0;0;1;0;0;0;0;1;0;0;0;;;1,0;;3,0;;;2;;Que sea Patrimonio Mundial;Por su belleza;Que me lo hayan recomendado;10 Totalmente necesario;8;6;4;5;8;5;6;No;No;No;Sí;No;No;Sí;No;No;No;Hace más de 5 años;Nunca;No estoy interesado;No estoy interesado;No estoy interesado;;;Hace más de 5 años;;7;6;7;5;4;;;3;;;7;;;;Los chulapos, el cocido;Trabajo;Sí, tengo menores/s de edad a mi cargo;Superiores;;;
Desktop;Masculino;60;55_64;Segundo Grado. 2º Ciclo (FP Iº y IIº, Bachiller superior, BUP, 3º y 4º de ESO (2º ciclo) COU, PREU, 1º y 2º Bachillerato;Madrid Capital;;Fuencarral-El Pardo;;1;1;1;1;1;1;1;0;1;1;0;1;1;0;0;;4;6;5;7;6;7;7;5;5;3;4;6;6;6;6;Hace menos de 3 meses;Madrid capital;0;0;0;0;0;1;0;0;0;0;0;;1,0;;2,0;3,0;;;;;Que ofrezca actividades para toda la familia;Que aparezca en las guías;Que me lo hayan recomendado;8;5;7;6;7;6;8;8;EL TODO;No;No;Sí;Sí;Sí;Sí;Sí;Sí;Sí;Hace entre 1 y 5 años;Hace entre 1 y 5 años;Estoy interesado y me gustaría que hubiera más actividades relacionadas;No lo conozco, pero soy curioso y me podría interesar;Estoy interesado y me gustaría que hubiera más actividades relacionadas;Hace más de 5 años;Hace 1 año, pero menos de 5;Hace 1 año, pero menos de 5;Hace 1 año, pero menos de 5;5;5;6;5;5;;;6;6;6;6;6;6;5;EN TODOS;Trabajo;No;Alrededor de esa cifra;;;
Desktop;Femenino;60;55_64;Tercer Grado (Máster);Madrid Capital;;Moratalaz;;0;0;0;1;0;0;1;0;0;1;1;0;0;1;0;;8;6;6;9;8;1;3;3;2;6;6;6;4;8;10 Es muy importante;De 3 meses a menos de 1 año;Resto España;0;0;0;0;0;0;0;1;0;0;0;;;;;1,0;;2,0;3;;Que me lo hayan recomendado;Por el valor histórico;Por su belleza;10 Totalmente necesario;10 Totalmente necesario;10 Totalmente necesario;8;10 Totalmente necesario;10 Totalmente necesario;10 Totalmente necesario;7;Cosas no tangibles;Sí;Sí;Sí;Sí;No;Sí;No;Sí;Sí;Hace más de 1 mes, pero menos de 1 año;Hace más de 5 años;No lo conozco, pero soy curioso y me podría interesar;No lo conozco, pero soy curioso y me podría interesar;No lo conozco, pero soy curioso y me podría interesar;Nunca;;Hace 1 año, pero menos de 5;;10 Estoy muy de acuerdo;4;7;8;8;4;4;5;5;;8;;3;2;No tengo opinión al respecto. No considero que la tauromaquia sea algo a proteger;Trabajo;No;Superiores;;;
